Number of radial and vertical grid points generated with write_topfile.m, RZ grid size: 
28 65
Inside and outside radius and psi_sep: 
0 0 -0.39303
Radial coordinate [m] 
 6.140000224e-01  6.337407231e-01  6.534814835e-01  6.732222438e-01  6.929629445e-01  7.127037048e-01  7.324444652e-01  7.521851659e-01
 7.719259262e-01  7.916666865e-01  8.114073873e-01  8.311481476e-01  8.508889079e-01  8.706296086e-01  8.903703690e-01  9.101111293e-01
 9.298518300e-01  9.495925903e-01  9.693333507e-01  9.890740514e-01  1.008814812e+00  1.028555512e+00  1.048296332e+00  1.068037033e+00
 1.087777734e+00  1.107518554e+00  1.127259254e+00  1.146999955e+00 
Vertical coordinate [m] 
-7.599999905e-01 -7.362499833e-01 -7.124999762e-01 -6.887500286e-01 -6.650000215e-01 -6.412500143e-01 -6.175000072e-01 -5.937500000e-01
-5.699999928e-01 -5.462499857e-01 -5.224999785e-01 -4.987500012e-01 -4.749999940e-01 -4.512499869e-01 -4.275000095e-01 -4.037500024e-01
-3.799999952e-01 -3.562499881e-01 -3.325000107e-01 -3.087500036e-01 -2.849999964e-01 -2.612499893e-01 -2.374999970e-01 -2.137500048e-01
-1.899999976e-01 -1.662500054e-01 -1.424999982e-01 -1.187499985e-01 -9.499999881e-02 -7.124999911e-02 -4.749999940e-02 -2.374999970e-02
 0.000000000e+00  2.374999970e-02  4.749999940e-02  7.124999911e-02  9.499999881e-02  1.187499985e-01  1.424999982e-01  1.662500054e-01
 1.899999976e-01  2.137500048e-01  2.374999970e-01  2.612499893e-01  2.849999964e-01  3.087500036e-01  3.325000107e-01  3.562499881e-01
 3.799999952e-01  4.037500024e-01  4.275000095e-01  4.512499869e-01  4.749999940e-01  4.987500012e-01  5.224999785e-01  5.462499857e-01
 5.699999928e-01  5.937500000e-01  6.175000072e-01  6.412500143e-01  6.650000215e-01  6.887500286e-01  7.124999762e-01  7.362499833e-01
 7.599999905e-01 
B_r values [T] 
-5.167771255e-04 -1.398787657e-03 -1.742563131e-03 -1.885694904e-03 -1.933423377e-03 -1.918676565e-03 -1.868549485e-03 -1.845098971e-03
-1.946160397e-03 -2.181591981e-03 -2.549632052e-03 -3.050217613e-03 -3.706352355e-03 -4.540559500e-03 -5.549966299e-03 -6.730221942e-03
-8.074955950e-03 -9.587974328e-03 -1.126767508e-02 -1.309703671e-02 -1.505965020e-02 -1.709697266e-02 -1.850219599e-02 -2.081282132e-02
-2.432618552e-02 -2.743042414e-02 -3.057967834e-02 -3.371577307e-02 -2.584111789e-03 -2.832135543e-03 -2.748462877e-03 -2.530719451e-03
-2.264053729e-03 -1.987925669e-03 -1.732079899e-03 -1.538500700e-03 -1.460930070e-03 -1.512952628e-03 -1.698785558e-03 -2.021734442e-03
-2.494128189e-03 -3.127234980e-03 -3.920346247e-03 -4.870593610e-03 -5.974090666e-03 -7.231295404e-03 -8.641341761e-03 -1.019979860e-02
-1.191022642e-02 -1.378222524e-02 -1.567756922e-02 -1.769736800e-02 -1.991984991e-02 -2.249051611e-02 -2.500432330e-02 -2.752440637e-02
-4.929282974e-03 -4.433455089e-03 -3.833325634e-03 -3.202220236e-03 -2.591009510e-03 -2.030948033e-03 -1.545149967e-03 -1.156621899e-03
-8.875083880e-04 -7.493970114e-04 -7.478557642e-04 -8.864742808e-04 -1.169550753e-03 -1.600104718e-03 -2.177481031e-03 -2.899051838e-03
-3.761620607e-03 -4.762992068e-03 -5.901922977e-03 -7.179616915e-03 -8.605669944e-03 -1.020748620e-02 -1.205869775e-02 -1.380454728e-02
-1.547266389e-02 -1.742758149e-02 -1.941931266e-02 -2.141600679e-02 -7.513783557e-03 -6.212717938e-03 -4.991294596e-03 -3.872668831e-03
-2.869840117e-03 -1.989510658e-03 -1.236491482e-03 -6.162416165e-04 -1.342597775e-04  2.063246222e-04  4.045482030e-04  4.605527338e-04
 3.749216470e-04  1.492463812e-04 -2.132844661e-04 -7.083188155e-04 -1.331015158e-03 -2.076566325e-03 -2.941123491e-03 -3.922710172e-03
-5.022943654e-03 -6.247274168e-03 -7.596000829e-03 -9.021510225e-03 -1.058204446e-02 -1.209893825e-02 -1.361736110e-02 -1.526877895e-02
-1.010449659e-02 -7.942335531e-03 -6.058271772e-03 -4.425406634e-03 -3.013607715e-03 -1.798769131e-03 -7.637814887e-04  1.026944903e-04
 8.082267201e-04  1.358532381e-03  1.758672475e-03  2.013399529e-03  2.127568125e-03  2.106481488e-03  1.956317909e-03  1.684132697e-03
 1.297643800e-03  8.050049681e-04  2.144786511e-04 -4.662315082e-04 -1.230668213e-03 -2.074447634e-03 -2.997849844e-03 -4.017263081e-03
-5.229356482e-03 -6.900985422e-03 -7.405533829e-03 -8.484541246e-03 -1.244348034e-02 -9.371916892e-03 -6.846650772e-03 -4.728381559e-03
-2.930020226e-03 -1.394859806e-03 -8.512307498e-05  1.024829116e-03  1.952854790e-03  2.712145515e-03  3.313178712e-03  3.764992693e-03
 4.076066349e-03  4.254941210e-03  4.310746261e-03  4.253478762e-03  4.094233447e-03  3.845100801e-03  3.519453533e-03  3.131969218e-03
 2.698650593e-03  2.236918120e-03  1.764236752e-03  1.293742431e-03  8.190276314e-04  2.895114835e-04 -5.229968089e-04 -8.665406079e-04
-1.382435828e-02 -1.015031935e-02 -7.156643622e-03 -4.657412079e-03 -2.537732731e-03 -7.233413977e-04  8.353905300e-04  2.172539818e-03
 3.312301738e-03  4.272698176e-03  5.067943847e-03  5.710256188e-03  6.210807833e-03  6.580776169e-03  6.831888091e-03  6.976842957e-03
 7.029839100e-03  7.006968720e-03  6.926594217e-03  6.810180439e-03  6.683400444e-03  6.578137279e-03  6.536944395e-03  6.624241731e-03
 6.960174290e-03  7.832858962e-03  7.436183710e-03  7.518709981e-03 -1.397255208e-02 -1.010878324e-02 -6.880674203e-03 -4.141018844e-03
-1.787777964e-03  2.497363694e-04  2.020953021e-03  3.560993887e-03  4.895606613e-03  6.044368573e-03  7.023137095e-03  7.845645799e-03
 8.524751243e-03  9.073377113e-03  9.505107606e-03  9.834859867e-03  1.007941210e-02  1.025795740e-02  1.039294317e-02  1.051085518e-02
 1.064394871e-02  1.083217479e-02  1.112642708e-02  1.159249315e-02  1.231189838e-02  1.335864230e-02  1.467287744e-02  1.576571106e-02
-1.312123383e-02 -9.321497959e-03 -6.037466146e-03 -3.178701253e-03 -6.735453006e-04  1.532132057e-03  3.478551477e-03  5.195717258e-03
 6.706537030e-03  8.029111792e-03  9.178743074e-03  1.016913412e-02  1.101361310e-02  1.172583369e-02  1.232045134e-02  1.281386947e-02
 1.322453512e-02  1.357374923e-02  1.388641099e-02  1.419201947e-02  1.452602739e-02  1.493179980e-02  1.546267164e-02  1.618395816e-02
 1.717249965e-02  1.851110819e-02  2.027976820e-02  2.262207705e-02 -1.158797254e-02 -7.960765315e-03 -4.721153331e-03 -1.822475471e-03
 7.761631055e-04  3.108170919e-03  5.200091111e-03  7.072959597e-03  8.743750879e-03  1.022680170e-02  1.153496177e-02  1.268058598e-02
 1.367632254e-02  1.453567997e-02  1.527365754e-02  1.590717890e-02  1.645554307e-02  1.694101553e-02  1.738938202e-02  1.783100788e-02
 1.830184674e-02  1.884531431e-02  1.951424358e-02  2.037357999e-02  2.150420295e-02  2.300944584e-02  2.503222709e-02  2.780138421e-02
-9.625651652e-03 -6.205172578e-03 -3.051928003e-03 -1.510054018e-04  2.510938982e-03  4.946398379e-03  7.166783497e-03  9.182365992e-03
 1.100254268e-02  1.263638191e-02  1.409308536e-02  1.538255442e-02  1.651590146e-02  1.750579765e-02  1.836688511e-02  1.911599507e-02
 1.977246281e-02  2.035846812e-02  2.089946112e-02  2.142474114e-02  2.196838774e-02  2.257053393e-02  2.327938067e-02  2.415401925e-02
 2.526932493e-02  2.672382137e-02  2.865484811e-02  3.126310664e-02 -7.422502092e-03 -4.219807965e-03 -1.153998368e-03  1.748034230e-03
 4.471295705e-03  7.008021628e-03  9.354761795e-03  1.151082686e-02  1.347751972e-02  1.525793127e-02  1.685692890e-02  1.828136196e-02
 1.954027137e-02  2.064503255e-02  2.160942863e-02  2.244983611e-02  2.318517418e-02  2.383685933e-02  2.442908745e-02  2.498879227e-02
 2.554614009e-02  2.613512766e-02  2.679489935e-02  2.757160291e-02  2.852170551e-02  2.971712306e-02  3.125260267e-02  3.325427392e-02
-5.250538640e-03 -2.183645274e-03  8.489239931e-04  3.788549301e-03  6.598404109e-03  9.254458022e-03  1.174067893e-02  1.404651040e-02
 1.616551269e-02  1.809476081e-02  1.983459935e-02  2.138852730e-02  2.276329489e-02  2.396875376e-02  2.501784450e-02  2.592633936e-02
 2.671268518e-02  2.739756238e-02  2.800349985e-02  2.855455972e-02  2.907598417e-02  2.959387529e-02  3.013536129e-02  3.072875517e-02
 3.140445878e-02  3.219663429e-02  3.314456843e-02  3.429336523e-02 -3.320542285e-03 -2.384282052e-04  2.856869884e-03  5.899533251e-03
 8.843134817e-03  1.165384141e-02  1.430651336e-02  1.678249672e-02  1.906847006e-02  2.115577878e-02  2.304028005e-02  2.472214696e-02
 2.620575862e-02  2.749962780e-02  2.861606307e-02  2.957068533e-02  3.038192377e-02  3.107020530e-02  3.165707980e-02  3.216424461e-02
 3.261231170e-02  3.301961427e-02  3.340066622e-02  3.376483090e-02  3.411444698e-02  3.444312078e-02  3.473388877e-02  3.495792923e-02
-1.694900492e-03  1.548084566e-03  4.810526317e-03  8.034152064e-03  1.117191234e-02  1.418532614e-02  1.704301146e-02  1.971975662e-02
 2.219600493e-02  2.445769801e-02  2.649619206e-02  2.830841210e-02  2.989657603e-02  3.126823513e-02  3.243558495e-02  3.341496686e-02
 3.422588545e-02  3.488983176e-02  3.542892176e-02  3.586421262e-02  3.621362224e-02  3.648989066e-02  3.669745327e-02  3.682916562e-02
 3.686216443e-02  3.675227014e-02  3.642884489e-02  3.578890628e-02 -3.587171121e-04  3.161933601e-03  6.684875924e-03  1.016800607e-02
 1.356690869e-02  1.684022542e-02  1.995134485e-02  2.286896029e-02  2.556737579e-02  2.802697522e-02  3.023452482e-02  3.218353076e-02
 3.387440111e-02  3.531411671e-02  3.651577539e-02  3.749772277e-02  3.828217005e-02  3.889387773e-02  3.935793989e-02  3.969769974e-02
 3.993208035e-02  4.007234789e-02  4.011819222e-02  4.005253599e-02  3.983501808e-02  3.939308191e-02  3.861021284e-02  3.731100029e-02
 7.760048989e-04  4.618080366e-03  8.472471752e-03  1.229032307e-02  1.602198608e-02  1.962054894e-02  2.304309332e-02  2.625146473e-02
 2.921311168e-02  3.190201052e-02  3.429968969e-02  3.639598061e-02  3.818950605e-02  3.968743711e-02  4.090494371e-02  4.186403387e-02
 4.259208235e-02  4.311976605e-02  4.347861870e-02  4.369832549e-02  4.380361724e-02  4.381033409e-02  4.372108449e-02  4.351920473e-02
 4.316037859e-02  4.256129867e-02  4.158240973e-02  4.000303512e-02  1.662262124e-03  5.889344576e-03  1.015635939e-02  1.439242830e-02
 1.853735166e-02  2.253661226e-02  2.633963565e-02  2.989999826e-02  3.317662508e-02  3.613544142e-02  3.875128132e-02  4.100947493e-02
 4.290685448e-02  4.445161529e-02  4.566227798e-02  4.656675732e-02  4.720048440e-02  4.760360508e-02  4.781821871e-02  4.788514602e-02
 4.784043268e-02  4.771166453e-02  4.751351243e-02  4.724200409e-02  4.686668058e-02  4.631908740e-02  4.547463454e-02  4.412370625e-02
 2.163260057e-03  6.919565956e-03  1.171249561e-02  1.646645816e-02  2.111734872e-02  2.560527231e-02  2.987139757e-02  3.385909406e-02
 3.751604929e-02  4.079716621e-02  4.366783495e-02  4.610718637e-02  4.811020158e-02  4.968718121e-02  5.086126558e-02  5.166895415e-02
 5.215747351e-02  5.238075394e-02  5.239618414e-02  5.226077365e-02  5.202782755e-02  5.174342765e-02  5.144291852e-02  5.114702595e-02
 5.085677812e-02  5.054578826e-02  5.014789981e-02  4.953476416e-02  2.253810945e-03  7.691183187e-03  1.313172631e-02  1.851051336e-02
 2.376953804e-02  2.884783120e-02  3.367649861e-02  3.818535667e-02  4.230647843e-02  4.597857231e-02  4.915251052e-02  5.179766403e-02
 5.390749612e-02  5.549763960e-02  5.659492232e-02  5.724793515e-02  5.752140929e-02  5.748793880e-02  5.722563660e-02  5.681304275e-02
 5.632589892e-02  5.583419372e-02  5.540011556e-02  5.507708121e-02  5.490906925e-02  5.493070160e-02  5.516779220e-02  5.563767903e-02
 1.968410728e-03  8.223724711e-03  1.442107825e-02  2.052512986e-02  2.649777122e-02  3.228386374e-02  3.779562412e-02  4.294410999e-02
 4.763935859e-02  5.179557445e-02  5.533949979e-02  5.822206079e-02  6.043677506e-02  6.201860969e-02  6.298373941e-02  6.340065425e-02
 6.336339716e-02  6.296673620e-02  6.231685191e-02  6.151901025e-02  6.067570181e-02  5.988411160e-02  5.923540870e-02  5.881661624e-02
 5.871490394e-02  5.902572027e-02  5.986621518e-02  6.140036778e-02  1.400085361e-03  8.570897439e-03  1.559550142e-02  2.249834710e-02
 2.925605450e-02  3.580274258e-02  4.205813175e-02  4.792658704e-02  5.330190529e-02  5.807502534e-02  6.214361814e-02  6.542286594e-02
 6.785673266e-02  6.943028390e-02  7.018590680e-02  7.024790014e-02  6.977356061e-02  6.886715828e-02  6.768100727e-02  6.634990896e-02
 6.500744011e-02  6.377920438e-02  6.278296913e-02  6.213320151e-02  6.194899363e-02  6.236635009e-02  6.355711191e-02  6.575827437e-02
 7.269329956e-04  8.821594933e-03  1.666183096e-02  2.433914492e-02  3.183407214e-02  3.909742219e-02  4.607026442e-02  5.265984513e-02
 5.875106314e-02  6.421688904e-02  6.892869589e-02  7.276505297e-02  7.561447622e-02  7.739634175e-02  7.813812013e-02  7.791499427e-02
 7.687086563e-02  7.524701851e-02  7.333273734e-02  7.127411329e-02  6.924626336e-02  6.740343211e-02  6.588374311e-02  6.481785146e-02
 6.433884548e-02  6.459559302e-02  6.577092356e-02  6.810453307e-02  2.316475392e-04  9.093536871e-03  1.761111870e-02  2.590555075e-02
 3.400104271e-02  4.188842468e-02  4.951079702e-02  5.677116039e-02  6.354220326e-02  6.967748909e-02  7.502356270e-02  7.943278413e-02
 8.277671232e-02  8.496311177e-02  8.595212403e-02  8.573325384e-02  8.437987938e-02  8.213488022e-02  7.929189841e-02  7.625392743e-02
 7.331055614e-02  7.064258124e-02  6.839676362e-02  6.670586226e-02  6.569735088e-02  6.550656015e-02  6.629310097e-02  6.825919318e-02
 2.110668678e-04  9.484604588e-03  1.839986837e-02  2.708342116e-02  3.560770732e-02  4.397310250e-02  5.212243942e-02  5.995137485e-02
 6.731868194e-02  7.405799685e-02  7.999139248e-02  8.494490218e-02  8.876510571e-02  9.133601827e-02  9.259254991e-02  9.252566077e-02
 9.119224924e-02  8.870264987e-02  8.523693989e-02  8.121737981e-02  7.709639337e-02  7.337665868e-02  7.019542947e-02  6.767533347e-02
 6.591944626e-02  6.502546483e-02  6.510260557e-02  6.629053062e-02  8.015458703e-04  9.997208749e-03  1.894317183e-02  2.774542559e-02
 3.647102892e-02  4.511520921e-02  5.361395504e-02  6.185297363e-02  6.967687093e-02  7.690039996e-02  8.332266956e-02  8.874413559e-02
 9.298528468e-02  9.590533028e-02  9.741810045e-02  9.750254129e-02  9.620813659e-02  9.365085670e-02  9.000414512e-02  8.546976099e-02
 8.044068690e-02  7.546506256e-02  7.115099619e-02  6.762938048e-02  6.496029945e-02  6.317932195e-02  6.231726444e-02  6.241456026e-02
 1.788533780e-03  1.046510193e-02  1.908692739e-02  2.771547527e-02  3.638196109e-02  4.506289146e-02  5.368240285e-02  6.211587883e-02
 7.019595322e-02  7.772227704e-02  8.447524274e-02  9.023358449e-02  9.479466523e-02  9.799500184e-02  9.972872655e-02  9.996061851e-02
 9.873208385e-02  9.615854142e-02  9.241922547e-02  8.774056361e-02  8.238274198e-02  7.661884170e-02  7.110087218e-02  6.646582454e-02
 6.280518824e-02  6.006634094e-02  5.818071534e-02  5.706141827e-02  2.681540265e-03  1.057287420e-02  1.860400717e-02  2.679250122e-02
 3.513180982e-02  4.357878192e-02  5.204722181e-02  6.040604917e-02  6.848173576e-02  7.606594094e-02  8.292816661e-02  8.883316898e-02
 9.356194785e-02  9.693394752e-02  9.882692888e-02  9.919222851e-02  9.806176387e-02  9.554623710e-02  9.182442579e-02  8.712536619e-02
 8.170698626e-02  7.582952820e-02  6.971876835e-02  6.403536828e-02  5.942993516e-02  5.580577846e-02  5.299895881e-02  5.081332182e-02
 3.044961023e-03  1.002646441e-02  1.728719295e-02  2.480672317e-02  3.255607950e-02  4.048159208e-02  4.849441984e-02  5.646499357e-02
 6.422288885e-02  7.156227460e-02  7.825301817e-02  8.405748928e-02  8.875119174e-02  9.214548993e-02  9.410830096e-02  9.458040730e-02
 9.358374637e-02  9.121994990e-02  8.765977860e-02  8.312496128e-02  7.786505487e-02  7.213289117e-02  6.616234464e-02  6.015313281e-02
 5.477086996e-02  5.047091120e-02  4.700495275e-02  4.409577123e-02  2.626057072e-03  8.662192664e-03  1.502335266e-02  2.167379448e-02
 2.857961705e-02  3.568971693e-02  4.292331482e-02  5.016290228e-02  5.725255391e-02  6.400168967e-02  7.019475886e-02  7.560630832e-02
 8.002067221e-02  8.325330165e-02  8.517171828e-02  8.571145917e-02  8.488484267e-02  8.278041095e-02  7.955297234e-02  7.540633359e-02
 7.057104681e-02  6.528134038e-02  5.975466713e-02  5.417747133e-02  4.869252147e-02  4.405237354e-02  4.030677454e-02  3.711516133e-02
 1.360011625e-03  6.464233425e-03  1.182768104e-02  1.742911412e-02  2.324996673e-02  2.925596023e-02  3.538579008e-02  4.154486230e-02
 4.760350761e-02  5.339998450e-02  5.874849681e-02  6.345211338e-02  6.732007306e-02  7.018668779e-02  7.193033338e-02  7.248825532e-02
 7.186480444e-02  7.013170368e-02  6.741956634e-02  6.390260369e-02  5.977905514e-02  5.525041402e-02  5.050239630e-02  4.568854900e-02
 4.091398151e-02  3.646756897e-02  3.291260985e-02  2.991665393e-02 -5.968420104e-04  3.590462532e-03  7.860233844e-03  1.224186674e-02
 1.675191984e-02  2.138490806e-02  2.610819291e-02  3.085894343e-02  3.554402695e-02  4.004277505e-02  4.421343584e-02  4.790352149e-02
 5.096314436e-02  5.326051376e-02  5.469685319e-02  5.521858515e-02  5.482460484e-02  5.356670415e-02  5.154338169e-02  4.888790217e-02
 4.575311972e-02  4.229504317e-02  3.865792933e-02  3.496212116e-02  3.129577204e-02  2.771113422e-02  2.480703961e-02  2.242196132e-02
-2.828120691e-03  3.702575047e-04  3.413765399e-03  6.402910857e-03  9.397787925e-03  1.242622113e-02  1.548776432e-02  1.855623145e-02
 2.158175391e-02  2.449378826e-02  2.720616662e-02  2.962369135e-02  3.165117355e-02  3.320343453e-02  3.421517984e-02  3.464916913e-02
 3.450117902e-02  3.380087595e-02  3.260809483e-02  3.100555633e-02  2.908934701e-02  2.695865691e-02  2.470638729e-02  2.241191969e-02
 2.013637999e-02  1.791953715e-02  1.602832911e-02  1.455452609e-02 -4.751090800e-03 -2.769697981e-03 -1.141539823e-03  2.820609218e-04
 1.591971952e-03  2.842068012e-03  4.060702989e-03  5.257772045e-03  6.428849067e-03  7.558204143e-03  8.621777821e-03  9.589925265e-03
 1.043108948e-02  1.111542890e-02  1.161835376e-02  1.192396561e-02  1.202703224e-02  1.193371690e-02  1.166101471e-02  1.123455895e-02
 1.068576945e-02  1.004874132e-02  9.357391807e-03  8.643753797e-03  7.938039419e-03  7.272682051e-03  6.695243882e-03  6.344242098e-03
-5.896645680e-03 -5.450495016e-03 -5.446785961e-03 -5.736017457e-03 -6.223642877e-03 -6.845731080e-03 -7.554242603e-03 -8.308355148e-03
-9.069415327e-03 -9.798764036e-03 -1.045736645e-02 -1.100707067e-02 -1.141323809e-02 -1.164749726e-02 -1.169097198e-02 -1.153638303e-02
-1.118898964e-02 -1.066617781e-02 -9.995122354e-03 -9.209561441e-03 -8.345737930e-03 -7.438218753e-03 -6.516214303e-03 -5.600438016e-03
-4.701261750e-03 -3.818780426e-03 -2.950828895e-03 -2.110982069e-03 -6.059433479e-03 -7.445236088e-03 -9.229833321e-03 -1.131365955e-02
-1.362831816e-02 -1.611784290e-02 -1.872610512e-02 -2.138912911e-02 -2.403112571e-02 -2.656394035e-02 -2.888986123e-02 -3.090735801e-02
-3.251936991e-02 -3.364280097e-02 -3.421781541e-02 -3.421533997e-02 -3.364093359e-02 -3.253446730e-02 -3.096540676e-02 -2.902432482e-02
-2.681249203e-02 -2.443099574e-02 -2.197077727e-02 -1.950462216e-02 -1.708158456e-02 -1.472475489e-02 -1.257916560e-02 -1.070704575e-02
-5.341694319e-03 -8.717704823e-03 -1.234402540e-02 -1.620218712e-02 -2.027066402e-02 -2.451535639e-02 -2.888214857e-02 -3.329218139e-02
-3.764030992e-02 -4.179724385e-02 -4.561564809e-02 -4.894029452e-02 -5.162142099e-02 -5.353010348e-02 -5.457261716e-02 -5.470254898e-02
-5.392696093e-02 -5.230621060e-02 -4.994699916e-02 -4.698978566e-02 -4.359309062e-02 -3.991712232e-02 -3.610864009e-02 -3.228863222e-02
-2.854162582e-02 -2.490386892e-02 -2.186820547e-02 -1.930862678e-02 -4.058574969e-03 -9.387483698e-03 -1.476429229e-02 -2.025674102e-02
-2.589793659e-02 -3.168258615e-02 -3.756488968e-02 -4.345796515e-02 -4.923561364e-02 -5.473748394e-02 -5.977871177e-02 -6.416368965e-02
-6.770373770e-02 -7.023666597e-02 -7.164513165e-02 -7.187177136e-02 -7.092691624e-02 -6.888832446e-02 -6.589269365e-02 -6.211995974e-02
-5.777414636e-02 -5.306302100e-02 -4.818028671e-02 -4.329161650e-02 -3.852509479e-02 -3.405130596e-02 -3.054881807e-02 -2.770742591e-02
-2.586367048e-03 -9.662040223e-03 -1.655735097e-02 -2.342854974e-02 -3.036450399e-02 -3.738906964e-02 -4.446659020e-02 -5.150645188e-02
-5.836873890e-02 -6.487258581e-02 -7.080861130e-02 -7.595583401e-02 -8.010205829e-02 -8.306594798e-02 -8.471812079e-02 -8.499713324e-02
-8.391830825e-02 -8.157315324e-02 -7.811954775e-02 -7.376473023e-02 -6.874367823e-02 -6.329712042e-02 -5.765255132e-02 -5.201022943e-02
-4.654037651e-02 -4.191411434e-02 -3.836656401e-02 -3.564013353e-02 -1.399500899e-03 -9.805970819e-03 -1.784879445e-02 -2.574285191e-02
-3.362180422e-02 -4.153001371e-02 -4.943803341e-02 -5.725256415e-02 -6.482549744e-02 -7.196488038e-02 -7.844946203e-02 -8.404718703e-02
-8.853725257e-02 -9.173299071e-02 -9.350357908e-02 -9.378995006e-02 -9.261358755e-02 -9.007552365e-02 -8.634592947e-02 -8.164668534e-02
-7.622873781e-02 -7.034929277e-02 -6.425376972e-02 -5.816341364e-02 -5.264496094e-02 -4.834039610e-02 -4.509243563e-02 -4.277078942e-02
-9.829144660e-04 -1.007798973e-02 -1.876928941e-02 -2.726123537e-02 -3.569289343e-02 -4.410821181e-02 -5.247415792e-02 -6.069266778e-02
-6.861095049e-02 -7.603366626e-02 -8.273844522e-02 -8.849466640e-02 -9.308557233e-02 -9.633073981e-02 -9.810649449e-02 -9.836120264e-02
-9.712288231e-02 -9.449767481e-02 -9.065980775e-02 -8.583470476e-02 -8.027637962e-02 -7.424106875e-02 -6.798256961e-02 -6.206024443e-02
-5.715529063e-02 -5.335707460e-02 -5.056826160e-02 -4.873258184e-02 -1.433099817e-03 -1.054781130e-02 -1.937050373e-02 -2.803504651e-02
-3.664007720e-02 -4.520564549e-02 -5.368437968e-02 -6.197037077e-02 -6.990848239e-02 -7.730606450e-02 -8.394793636e-02 -8.961465339e-02
-9.410308897e-02 -9.724739360e-02 -9.893731417e-02 -9.913164988e-02 -9.786444195e-02 -9.524295704e-02 -9.143741519e-02 -8.666930320e-02
-8.119110595e-02 -7.523468733e-02 -6.940516767e-02 -6.432298621e-02 -6.020536417e-02 -5.702233980e-02 -5.474563660e-02 -5.336559450e-02
-2.393642110e-03 -1.105054930e-02 -1.959800211e-02 -2.808404517e-02 -3.654210215e-02 -4.495571209e-02 -5.325738393e-02 -6.133237389e-02
-6.902557437e-02 -7.615168880e-02 -8.250892742e-02 -8.789551383e-02 -9.212825909e-02 -9.506107748e-02 -9.660092822e-02 -9.671820088e-02
-9.545183770e-02 -9.290741472e-02 -8.923902833e-02 -8.466050893e-02 -7.946394670e-02 -7.419721853e-02 -6.941729793e-02 -6.534808133e-02
-6.202734952e-02 -5.947255388e-02 -5.769586479e-02 -5.671907009e-02 -3.387447890e-03 -1.133925364e-02 -1.933991368e-02 -2.741098811e-02
-3.548805635e-02 -4.352249732e-02 -5.142835831e-02 -5.908427973e-02 -6.633819587e-02 -7.301599129e-02 -7.893329541e-02 -8.390990125e-02
-8.778550959e-02 -9.043605973e-02 -9.178809990e-02 -9.182292734e-02 -9.058202053e-02 -8.817948191e-02 -8.471918629e-02 -8.061356243e-02
-7.627624742e-02 -7.221197842e-02 -6.856234835e-02 -6.542106033e-02 -6.284749595e-02 -6.087980870e-02 -5.954894241e-02 -5.889361602e-02
-4.032368219e-03 -1.121347959e-02 -1.854166927e-02 -2.603444917e-02 -3.358076870e-02 -4.108684528e-02 -4.845193499e-02 -5.555243807e-02
-6.224267841e-02 -6.836252438e-02 -7.374764677e-02 -7.824109061e-02 -8.170524147e-02 -8.403606917e-02 -8.518618322e-02 -8.514415163e-02
-8.393372875e-02 -8.178581076e-02 -7.897036071e-02 -7.583622989e-02 -7.272732379e-02 -6.977666258e-02 -6.709942425e-02 -6.478113114e-02
-6.288037134e-02 -6.143587406e-02 -6.047591306e-02 -6.003108388e-02 -4.119021003e-03 -1.056344735e-02 -1.720183115e-02 -2.401455782e-02
-3.093456463e-02 -3.783513837e-02 -4.458118949e-02 -5.105482471e-02 -5.711917742e-02 -6.262976239e-02 -6.744413144e-02 -7.143024956e-02
-7.447023667e-02 -7.646230457e-02 -7.742127635e-02 -7.740801679e-02 -7.654654529e-02 -7.503883100e-02 -7.321031930e-02 -7.116879348e-02
-6.907695739e-02 -6.706099170e-02 -6.521953478e-02 -6.362538790e-02 -6.232680248e-02 -6.134997183e-02 -6.070195593e-02 -6.037322530e-02
-3.573657353e-03 -9.352568174e-03 -1.533833084e-02 -2.147884568e-02 -2.771988503e-02 -3.395503584e-02 -4.005344445e-02 -4.588286235e-02
-5.131008729e-02 -5.620555434e-02 -6.045077820e-02 -6.394761080e-02 -6.662846013e-02 -6.846709815e-02 -6.948922492e-02 -6.979418440e-02
-6.955950603e-02 -6.886789438e-02 -6.786579809e-02 -6.667490427e-02 -6.541327455e-02 -6.418205546e-02 -6.306208118e-02 -6.211203649e-02
-6.136712783e-02 -6.083746618e-02 -6.050514561e-02 -6.031798643e-02 -2.391581247e-03 -7.590219758e-03 -1.300597094e-02 -1.856259789e-02
-2.418025918e-02 -2.977015144e-02 -3.523421679e-02 -4.044336080e-02 -4.528026813e-02 -4.963913745e-02 -5.343103888e-02 -5.659315698e-02
-5.910383696e-02 -6.099841533e-02 -6.228374292e-02 -6.301964453e-02 -6.329973183e-02 -6.321486129e-02 -6.286762525e-02 -6.235727794e-02
-6.177713402e-02 -6.120903245e-02 -6.071924745e-02 -6.035512960e-02 -6.014189113e-02 -6.007841143e-02 -6.013165555e-02 -6.022814166e-02
-5.631160356e-04 -5.285004265e-03 -1.024699064e-02 -1.534394125e-02 -2.047922070e-02 -2.556002681e-02 -3.049405071e-02 -3.518668399e-02
-3.955012817e-02 -4.350795380e-02 -4.699956968e-02 -4.998540059e-02 -5.245183253e-02 -5.441137039e-02 -5.588882583e-02 -5.693177282e-02
-5.760646867e-02 -5.798761314e-02 -5.815591972e-02 -5.819236565e-02 -5.817405414e-02 -5.817000428e-02 -5.823731612e-02 -5.841748443e-02
-5.873216209e-02 -5.917813981e-02 -5.972045108e-02 -6.028331523e-02  1.991967071e-03 -2.421403820e-03 -7.086273616e-03 -1.187173015e-02
-1.667040830e-02 -2.139012495e-02 -2.594871070e-02 -3.027155119e-02 -3.429310921e-02 -3.795907532e-02 -4.122883140e-02 -4.407794299e-02
-4.649998806e-02 -4.850611330e-02 -5.012207383e-02 -5.138867681e-02 -5.235943332e-02 -5.309640154e-02 -5.366693409e-02 -5.414001071e-02
-5.458288946e-02 -5.505776246e-02 -5.561858524e-02 -5.630743377e-02 -5.715049415e-02 -5.815288056e-02 -5.929203927e-02 -6.050892833e-02
 5.351843621e-03  1.007433273e-03 -3.553746150e-03 -8.191748714e-03 -1.279915747e-02 -1.729113709e-02 -2.159856156e-02 -2.566409323e-02
-2.944086658e-02 -3.289260048e-02 -3.599442561e-02 -3.873394615e-02 -4.111193799e-02 -4.314216109e-02 -4.485037689e-02 -4.627361542e-02
-4.745863588e-02 -4.845959816e-02 -4.933584575e-02 -5.014937996e-02 -5.096263586e-02 -5.183614310e-02 -5.282605975e-02 -5.398150226e-02
-5.534121144e-02 -5.692890337e-02 -5.874749453e-02 -6.077110616e-02  9.494306616e-03  4.952183662e-03  2.864271472e-04 -4.369978965e-03
-8.922349746e-03 -1.330201476e-02 -1.745783521e-02 -2.135113622e-02 -2.495309648e-02 -2.824382420e-02 -3.121231373e-02 -3.385684333e-02
-3.618523460e-02 -3.821497317e-02 -3.997275293e-02 -4.149391034e-02 -4.282160105e-02 -4.400543977e-02 -4.510020144e-02 -4.616454176e-02
-4.725956976e-02 -4.844780582e-02 -4.979182211e-02 -5.135304304e-02 -5.318956563e-02 -5.535304485e-02 -5.788353995e-02 -6.080096736e-02
 1.430434926e-02  9.290449901e-03  4.317279688e-03 -5.087312564e-04 -5.121780369e-03 -9.480463350e-03 -1.355834629e-02 -1.733869977e-02
-2.081178549e-02 -2.397384580e-02 -2.682696998e-02 -2.937938079e-02 -3.164578986e-02 -3.364768983e-02 -3.541336638e-02 -3.697776415e-02
-3.838210962e-02 -3.967336893e-02 -4.090387049e-02 -4.213070029e-02 -4.341552568e-02 -4.482462175e-02 -4.642926077e-02 -4.830609847e-02
-5.053741059e-02 -5.321087626e-02 -5.641633193e-02 -6.023826226e-02  1.956240459e-02  1.380803954e-02  8.355147025e-03  3.244057511e-03
-1.510320819e-03 -5.906647373e-03 -9.950410299e-03 -1.365042678e-02 -1.701745509e-02 -2.006398159e-02 -2.280464741e-02 -2.525696302e-02
-2.744212869e-02 -2.938547984e-02 -3.111705965e-02 -3.267183968e-02 -3.408982266e-02 -3.541614375e-02 -3.670121695e-02 -3.800092194e-02
-3.937747294e-02 -4.090052506e-02 -4.264919231e-02 -4.471489387e-02 -4.720507338e-02 -5.024737324e-02 -5.399277676e-02 -5.861692112e-02
 2.481086394e-02  1.816145928e-02  1.214044590e-02  6.694098479e-03  1.769904958e-03 -2.680407957e-03 -6.699322334e-03 -1.032341404e-02
-1.358436321e-02 -1.651036083e-02 -1.912767836e-02 -2.146214485e-02 -2.354048203e-02 -2.539131120e-02 -2.704603762e-02 -2.853949076e-02
-2.991029492e-02 -3.120157299e-02 -3.246127173e-02 -3.374317729e-02 -3.510811931e-02 -3.662622121e-02 -3.838012706e-02 -4.047046037e-02
-4.302359859e-02 -4.620165087e-02 -5.021535613e-02 -5.533793529e-02  2.943279318e-02  2.191675214e-02  1.536095105e-02  9.616955477e-03
 4.559764609e-03  8.834339783e-05 -3.877522222e-03 -7.401429297e-03 -1.053436365e-02 -1.331829693e-02 -1.578924039e-02 -1.797966816e-02
-1.992041534e-02 -2.164230232e-02 -2.317721105e-02 -2.455904787e-02 -2.582454526e-02 -2.701379103e-02 -2.817120938e-02 -2.934643647e-02
-3.059578468e-02 -3.198462340e-02 -3.359141640e-02 -3.551431660e-02 -3.788278191e-02 -4.087485596e-02 -4.473970178e-02 -4.981252553e-02
 3.285221556e-02  2.463058466e-02  1.769594209e-02  1.178714710e-02  6.703768836e-03  2.294761025e-03 -1.553295879e-03 -4.926199190e-03
-7.889868073e-03 -1.049633551e-02 -1.278824896e-02 -1.480215916e-02 -1.657113192e-02 -1.812655364e-02 -1.949957507e-02 -2.072219981e-02
-2.182817071e-02 -2.285366542e-02 -2.383793196e-02 -2.482432906e-02 -2.586113196e-02 -2.700310936e-02 -2.831423288e-02 -2.987350611e-02
-3.178698379e-02 -3.421537054e-02 -3.742208705e-02 -4.177864460e-02  3.440785220e-02  2.585837827e-02  1.885065078e-02  1.301084569e-02
 8.075460151e-03  3.857498244e-03  2.225129109e-04 -2.927743003e-03 -5.666658429e-03 -8.050665037e-03 -1.012470408e-02 -1.192622382e-02
-1.348801089e-02 -1.484020854e-02 -1.601181189e-02 -1.703177183e-02 -1.792981613e-02 -1.873715378e-02 -1.948688433e-02 -2.021443726e-02
-2.095776099e-02 -2.175701648e-02 -2.265345336e-02 -2.368831872e-02 -2.490396627e-02 -2.637254864e-02 -2.837988502e-02 -3.164451161e-02
 3.346930980e-02  2.524224691e-02  1.862109051e-02  1.317064174e-02  8.607187718e-03  4.738278899e-03  1.429454160e-03 -1.415585924e-03
-3.867637240e-03 -5.980355279e-03 -7.795959843e-03 -9.349158922e-03 -1.066979068e-02 -1.178484408e-02 -1.271973938e-02 -1.349925700e-02
-1.414830157e-02 -1.469233309e-02 -1.515780479e-02 -1.557211218e-02 -1.596322574e-02 -1.635816154e-02 -1.677787151e-02 -1.722292566e-02
-1.763163065e-02 -1.775509642e-02 -1.938990295e-02 -2.066085802e-02  2.967311743e-02  2.267248650e-02  1.698596144e-02  1.227579057e-02
 8.317803977e-03  4.957699083e-03  2.086793461e-03 -3.729510094e-04 -2.478874023e-03 -4.274527127e-03 -5.794370770e-03 -7.066849580e-03
-8.116515289e-03 -8.965392123e-03 -9.634054005e-03 -1.014232010e-02 -1.050958851e-02 -1.075524599e-02 -1.089893044e-02 -1.096065551e-02
-1.096089551e-02 -1.092086124e-02 -1.086242502e-02 -1.080713189e-02 -1.077367416e-02 -1.078797688e-02 -1.085692300e-02 -9.817978652e-03
 2.360519401e-02  1.851901542e-02  1.418772765e-02  1.049170206e-02  7.323861734e-03  4.599618689e-03  2.255292841e-03  2.439875722e-04
-1.469241467e-03 -2.911848072e-03 -4.106553456e-03 -5.072898180e-03 -5.828243405e-03 -6.388504966e-03 -6.768550427e-03 -6.982603208e-03
-7.044283018e-03 -6.966588339e-03 -6.762232696e-03 -6.443621312e-03 -6.023573025e-03 -5.517394804e-03 -4.949359932e-03 -4.366328112e-03
-3.852009410e-03 -3.666048481e-03 -1.658769774e-03  6.662616439e-04  1.662881145e-02  1.351150363e-02  1.066448082e-02  8.102013645e-03
 5.818075589e-03  3.798463996e-03  2.029201183e-03  5.005288136e-04 -7.942396422e-04 -1.862928758e-03 -2.714663352e-03 -3.358849668e-03
-3.804798993e-03 -4.061709440e-03 -4.138537349e-03 -4.043887930e-03 -3.785514821e-03 -3.369947809e-03 -2.802593152e-03 -2.087743906e-03
-1.227278010e-03 -2.214491659e-04  9.238405131e-04  2.156985347e-03  3.530025615e-03  5.009197834e-03  7.359647592e-03  1.009669767e-02
 9.515746192e-03  8.266351471e-03  6.861831191e-03  5.422211094e-03  4.025353165e-03  2.715181375e-03  1.521419460e-03  4.726999924e-04
-4.034099636e-04 -1.095068799e-03 -1.599132989e-03 -1.915678310e-03 -2.046123373e-03 -1.993077178e-03 -1.759940310e-03 -1.350394749e-03
-7.671116871e-04 -9.805912710e-06  9.228917461e-04  2.033478112e-03  3.331529615e-03  4.842610749e-03  6.630295295e-03  8.436369340e-03
 1.032294275e-02  1.269328883e-02  1.539394689e-02  1.832946462e-02  2.864532648e-03  3.334503782e-03  3.195819658e-03  2.758745291e-03
 2.175746938e-03  1.522000391e-03  8.526111240e-04  2.345453544e-04 -2.501180583e-04 -5.790207416e-04 -7.443483876e-04 -7.396596747e-04
-5.586857706e-04 -1.981493020e-04  3.433804201e-04  1.065344634e-03  1.966977138e-03  3.058288036e-03  4.346823987e-03  5.833370911e-03
 7.525878111e-03  9.441248788e-03  1.148444683e-02  1.374774883e-02  1.634516424e-02  1.943933016e-02  2.263232371e-02  2.604710416e-02
-3.312585984e-03 -1.281959061e-03 -2.959346070e-04  1.790619510e-04  3.553391419e-04  3.180572486e-04  1.341007962e-04 -9.130242959e-05
-2.050683485e-04 -1.825167222e-04 -1.706000293e-05  3.024597143e-04  7.899348841e-04  1.454227491e-03  2.301156301e-03  3.331975815e-03
 4.545350854e-03  5.963677444e-03  7.600625828e-03  9.448280453e-03  1.150092753e-02  1.372596492e-02  1.559664923e-02  1.828433205e-02
 2.210727424e-02  2.573960855e-02  2.961066376e-02  3.360285769e-02 
B_t values [T] 
-2.141747218e+00 -2.075032883e+00 -2.012349046e+00 -1.953341340e+00 -1.897695757e+00 -1.845132600e+00 -1.795402795e+00 -1.748283401e+00
-1.703573873e+00 -1.661094072e+00 -1.620681375e+00 -1.582188258e+00 -1.545481234e+00 -1.510438913e+00 -1.476950363e+00 -1.444914580e+00
-1.414239126e+00 -1.384838986e+00 -1.356636330e+00 -1.329559539e+00 -1.303542359e+00 -1.278523934e+00 -1.254447621e+00 -1.231261463e+00
-1.208916858e+00 -1.187368677e+00 -1.166575333e+00 -1.146497726e+00 -2.141747218e+00 -2.075032883e+00 -2.012349046e+00 -1.953341340e+00
-1.897695757e+00 -1.845132600e+00 -1.795402795e+00 -1.748283401e+00 -1.703573873e+00 -1.661094072e+00 -1.620681375e+00 -1.582188258e+00
-1.545481234e+00 -1.510438913e+00 -1.476950363e+00 -1.444914580e+00 -1.414239126e+00 -1.384838986e+00 -1.356636330e+00 -1.329559539e+00
-1.303542359e+00 -1.278523934e+00 -1.254447621e+00 -1.231261463e+00 -1.208916858e+00 -1.187368677e+00 -1.166575333e+00 -1.146497726e+00
-2.141747218e+00 -2.075032883e+00 -2.012349046e+00 -1.953341340e+00 -1.897695757e+00 -1.845132600e+00 -1.795402795e+00 -1.748283401e+00
-1.703573873e+00 -1.661094072e+00 -1.620681375e+00 -1.582188258e+00 -1.545481234e+00 -1.510438913e+00 -1.476950363e+00 -1.444914580e+00
-1.414239126e+00 -1.384838986e+00 -1.356636330e+00 -1.329559539e+00 -1.303542359e+00 -1.278523934e+00 -1.254447621e+00 -1.231261463e+00
-1.208916858e+00 -1.187368677e+00 -1.166575333e+00 -1.146497726e+00 -2.141747218e+00 -2.075032883e+00 -2.012349046e+00 -1.953341340e+00
-1.897695757e+00 -1.845132600e+00 -1.795402795e+00 -1.748283401e+00 -1.703573873e+00 -1.661094072e+00 -1.620681375e+00 -1.582188258e+00
-1.545481234e+00 -1.510438913e+00 -1.476950363e+00 -1.444914580e+00 -1.414239126e+00 -1.384838986e+00 -1.356636330e+00 -1.329559539e+00
-1.303542359e+00 -1.278523934e+00 -1.254447621e+00 -1.231261463e+00 -1.208916858e+00 -1.187368677e+00 -1.166575333e+00 -1.146497726e+00
-2.141747218e+00 -2.075032883e+00 -2.012349046e+00 -1.953341340e+00 -1.897695757e+00 -1.845132600e+00 -1.795402795e+00 -1.748283401e+00
-1.703573873e+00 -1.661094072e+00 -1.620681375e+00 -1.582188258e+00 -1.545481234e+00 -1.510438913e+00 -1.476950363e+00 -1.444914580e+00
-1.414239126e+00 -1.384838986e+00 -1.356636330e+00 -1.329559539e+00 -1.303542359e+00 -1.278523934e+00 -1.254447621e+00 -1.231261463e+00
-1.208916858e+00 -1.187368677e+00 -1.166575333e+00 -1.146497726e+00 -2.141747218e+00 -2.075032883e+00 -2.012349046e+00 -1.953341340e+00
-1.897695757e+00 -1.845132600e+00 -1.795402795e+00 -1.748283401e+00 -1.703573873e+00 -1.661094072e+00 -1.620681375e+00 -1.582188258e+00
-1.545481234e+00 -1.510438913e+00 -1.476950363e+00 -1.444914580e+00 -1.414239126e+00 -1.384838986e+00 -1.356636330e+00 -1.329559539e+00
-1.303542359e+00 -1.278523934e+00 -1.254447621e+00 -1.231261463e+00 -1.208916858e+00 -1.187368677e+00 -1.166575333e+00 -1.146497726e+00
-2.141747218e+00 -2.075032883e+00 -2.012349046e+00 -1.953341340e+00 -1.897695757e+00 -1.845132600e+00 -1.795402795e+00 -1.748283401e+00
-1.703573873e+00 -1.661094072e+00 -1.620681375e+00 -1.582188258e+00 -1.545481234e+00 -1.510438913e+00 -1.476950363e+00 -1.444914580e+00
-1.414239126e+00 -1.384838986e+00 -1.356636330e+00 -1.329559539e+00 -1.303542359e+00 -1.278523934e+00 -1.254447621e+00 -1.231261463e+00
-1.208916858e+00 -1.187368677e+00 -1.166575333e+00 -1.146497726e+00 -2.141747218e+00 -2.075032883e+00 -2.012349046e+00 -1.953341340e+00
-1.897695757e+00 -1.845132600e+00 -1.795402795e+00 -1.748283401e+00 -1.703573873e+00 -1.661094072e+00 -1.620681375e+00 -1.582188258e+00
-1.545481234e+00 -1.510438913e+00 -1.476950363e+00 -1.444914580e+00 -1.414239126e+00 -1.384838986e+00 -1.356636330e+00 -1.329559539e+00
-1.303542359e+00 -1.278523934e+00 -1.254447621e+00 -1.231261463e+00 -1.208916858e+00 -1.187368677e+00 -1.166575333e+00 -1.146497726e+00
-2.141747218e+00 -2.075032883e+00 -2.012349046e+00 -1.953341340e+00 -1.897695757e+00 -1.845132600e+00 -1.795402795e+00 -1.748283401e+00
-1.703573873e+00 -1.661094072e+00 -1.620681375e+00 -1.582188258e+00 -1.545481234e+00 -1.510438913e+00 -1.476950363e+00 -1.444914580e+00
-1.414239126e+00 -1.384838986e+00 -1.356636330e+00 -1.329559539e+00 -1.303542359e+00 -1.278523934e+00 -1.254447621e+00 -1.231261463e+00
-1.208916858e+00 -1.187368677e+00 -1.166575333e+00 -1.146497726e+00 -2.141747218e+00 -2.075032883e+00 -2.012349046e+00 -1.953341340e+00
-1.897695757e+00 -1.845132600e+00 -1.795402795e+00 -1.748283401e+00 -1.703573873e+00 -1.661094072e+00 -1.620681375e+00 -1.582188258e+00
-1.545481234e+00 -1.510438913e+00 -1.476950363e+00 -1.444914580e+00 -1.414239126e+00 -1.384838986e+00 -1.356636330e+00 -1.329559539e+00
-1.303542359e+00 -1.278523934e+00 -1.254447621e+00 -1.231261463e+00 -1.208916858e+00 -1.187368677e+00 -1.166575333e+00 -1.146497726e+00
-2.141747218e+00 -2.075032883e+00 -2.012349046e+00 -1.953341340e+00 -1.897695757e+00 -1.845132600e+00 -1.795402795e+00 -1.748283401e+00
-1.703573873e+00 -1.661094072e+00 -1.620681375e+00 -1.582188258e+00 -1.545481234e+00 -1.510438913e+00 -1.476950363e+00 -1.444914580e+00
-1.414239126e+00 -1.384838986e+00 -1.356636330e+00 -1.329559539e+00 -1.303542359e+00 -1.278523934e+00 -1.254447621e+00 -1.231261463e+00
-1.208916858e+00 -1.187368677e+00 -1.166575333e+00 -1.146497726e+00 -2.141747218e+00 -2.075032883e+00 -2.012349046e+00 -1.953341340e+00
-1.897695757e+00 -1.845132600e+00 -1.795402795e+00 -1.748283401e+00 -1.703573873e+00 -1.661094072e+00 -1.620681375e+00 -1.582188258e+00
-1.545481234e+00 -1.510438913e+00 -1.476950363e+00 -1.444914580e+00 -1.414239126e+00 -1.384838986e+00 -1.356636330e+00 -1.329559539e+00
-1.303542359e+00 -1.278523934e+00 -1.254447621e+00 -1.231261463e+00 -1.208916858e+00 -1.187368677e+00 -1.166575333e+00 -1.146497726e+00
-2.141747218e+00 -2.075032883e+00 -2.012349046e+00 -1.953341340e+00 -1.897695757e+00 -1.845132600e+00 -1.795402795e+00 -1.748283401e+00
-1.703573873e+00 -1.661094072e+00 -1.620681375e+00 -1.582188258e+00 -1.545481234e+00 -1.510438913e+00 -1.476950363e+00 -1.444914580e+00
-1.414239126e+00 -1.384838986e+00 -1.356636330e+00 -1.329559539e+00 -1.303542359e+00 -1.278523934e+00 -1.254447621e+00 -1.231261463e+00
-1.208916858e+00 -1.187368677e+00 -1.166575333e+00 -1.146497726e+00 -2.141747218e+00 -2.075032883e+00 -2.012349046e+00 -1.953341340e+00
-1.897695757e+00 -1.845132600e+00 -1.795402795e+00 -1.748283401e+00 -1.703573873e+00 -1.661094072e+00 -1.620681375e+00 -1.582188258e+00
-1.545481234e+00 -1.510438913e+00 -1.476950363e+00 -1.444914580e+00 -1.414239126e+00 -1.384838986e+00 -1.356636330e+00 -1.329559539e+00
-1.303542359e+00 -1.278523934e+00 -1.254447621e+00 -1.231261463e+00 -1.208916858e+00 -1.187368677e+00 -1.166575333e+00 -1.146497726e+00
-2.141747218e+00 -2.075032883e+00 -2.012349046e+00 -1.953341340e+00 -1.897695757e+00 -1.845132600e+00 -1.795402795e+00 -1.748283401e+00
-1.703573873e+00 -1.661094072e+00 -1.620681375e+00 -1.582188258e+00 -1.545481234e+00 -1.510438913e+00 -1.476950363e+00 -1.444914580e+00
-1.414239126e+00 -1.384838986e+00 -1.356636330e+00 -1.329559539e+00 -1.303542359e+00 -1.278523934e+00 -1.254447621e+00 -1.231261463e+00
-1.208916858e+00 -1.187368677e+00 -1.166575333e+00 -1.146497726e+00 -2.141747218e+00 -2.075032883e+00 -2.012349046e+00 -1.953341340e+00
-1.897695757e+00 -1.845132600e+00 -1.795402795e+00 -1.748283401e+00 -1.703573873e+00 -1.661094072e+00 -1.620681375e+00 -1.582188258e+00
-1.545481234e+00 -1.510438913e+00 -1.476950363e+00 -1.444914580e+00 -1.414239126e+00 -1.384838986e+00 -1.356636330e+00 -1.329559539e+00
-1.303542359e+00 -1.278523934e+00 -1.254447621e+00 -1.231261463e+00 -1.208916858e+00 -1.187368677e+00 -1.166575333e+00 -1.146497726e+00
-2.141747218e+00 -2.075032883e+00 -2.012349046e+00 -1.953341340e+00 -1.897695757e+00 -1.845132600e+00 -1.795402795e+00 -1.748283401e+00
-1.703573873e+00 -1.661094072e+00 -1.620681375e+00 -1.582188258e+00 -1.545481234e+00 -1.510438913e+00 -1.476950363e+00 -1.444914580e+00
-1.414239126e+00 -1.384838986e+00 -1.356636330e+00 -1.329559539e+00 -1.303542359e+00 -1.278523934e+00 -1.254447621e+00 -1.231261463e+00
-1.208916858e+00 -1.187368677e+00 -1.166575333e+00 -1.146497726e+00 -2.141747218e+00 -2.075032883e+00 -2.012349046e+00 -1.953341340e+00
-1.897695757e+00 -1.845132600e+00 -1.795402795e+00 -1.748283401e+00 -1.703573873e+00 -1.661094072e+00 -1.620681375e+00 -1.582188258e+00
-1.545481234e+00 -1.510438913e+00 -1.476950363e+00 -1.444914580e+00 -1.414239126e+00 -1.384838986e+00 -1.356636330e+00 -1.329559539e+00
-1.303542359e+00 -1.278523934e+00 -1.254447621e+00 -1.231261463e+00 -1.208916858e+00 -1.187368677e+00 -1.166575333e+00 -1.146497726e+00
-2.141747218e+00 -2.075032883e+00 -2.012349046e+00 -1.953341340e+00 -1.897695757e+00 -1.845132600e+00 -1.795402795e+00 -1.748283401e+00
-1.703573873e+00 -1.661094072e+00 -1.620681375e+00 -1.582188258e+00 -1.545481234e+00 -1.510438913e+00 -1.476950363e+00 -1.444914580e+00
-1.414239126e+00 -1.384838986e+00 -1.356636330e+00 -1.329559539e+00 -1.303542359e+00 -1.278523934e+00 -1.254447621e+00 -1.231261463e+00
-1.208916858e+00 -1.187368677e+00 -1.166575333e+00 -1.146497726e+00 -2.141747218e+00 -2.075032883e+00 -2.012349046e+00 -1.953341340e+00
-1.897695757e+00 -1.845132600e+00 -1.795402795e+00 -1.748283401e+00 -1.703573873e+00 -1.661094072e+00 -1.620681375e+00 -1.582188258e+00
-1.545481234e+00 -1.510438913e+00 -1.476950363e+00 -1.444914580e+00 -1.414239126e+00 -1.384838986e+00 -1.356636330e+00 -1.329559539e+00
-1.303542359e+00 -1.278523934e+00 -1.254447621e+00 -1.231261463e+00 -1.208916858e+00 -1.187368677e+00 -1.166575333e+00 -1.146497726e+00
-2.141747218e+00 -2.075032883e+00 -2.012349046e+00 -1.953341340e+00 -1.897695757e+00 -1.845132600e+00 -1.795402795e+00 -1.748283401e+00
-1.703573873e+00 -1.661094072e+00 -1.620681375e+00 -1.582188258e+00 -1.545481234e+00 -1.510438913e+00 -1.476950363e+00 -1.444914580e+00
-1.414239126e+00 -1.384838986e+00 -1.356636330e+00 -1.329559539e+00 -1.303542359e+00 -1.278523934e+00 -1.254447621e+00 -1.231261463e+00
-1.208916858e+00 -1.187368677e+00 -1.166575333e+00 -1.146497726e+00 -2.141747218e+00 -2.075032883e+00 -2.012349046e+00 -1.953341340e+00
-1.897695328e+00 -1.845130853e+00 -1.795400039e+00 -1.748280003e+00 -1.703570254e+00 -1.661090700e+00 -1.620678759e+00 -1.582186934e+00
-1.545481234e+00 -1.510438913e+00 -1.476950363e+00 -1.444914580e+00 -1.414239126e+00 -1.384838986e+00 -1.356636330e+00 -1.329559539e+00
-1.303542359e+00 -1.278523934e+00 -1.254447621e+00 -1.231261463e+00 -1.208916858e+00 -1.187368677e+00 -1.166575333e+00 -1.146497726e+00
-2.141747218e+00 -2.075032883e+00 -2.012349046e+00 -1.953339958e+00 -1.897692040e+00 -1.845126823e+00 -1.795392810e+00 -1.748270040e+00
-1.703558291e+00 -1.661077569e+00 -1.620665376e+00 -1.582174283e+00 -1.545470853e+00 -1.510433698e+00 -1.476948214e+00 -1.444914580e+00
-1.414239126e+00 -1.384838986e+00 -1.356636330e+00 -1.329559539e+00 -1.303542359e+00 -1.278523934e+00 -1.254447621e+00 -1.231261463e+00
-1.208916858e+00 -1.187368677e+00 -1.166575333e+00 -1.146497726e+00 -2.141747218e+00 -2.075032883e+00 -2.012348367e+00 -1.953337252e+00
-1.897686799e+00 -1.845116465e+00 -1.795379647e+00 -1.748253748e+00 -1.703539376e+00 -1.661056764e+00 -1.620643118e+00 -1.582151061e+00
-1.545447197e+00 -1.510410249e+00 -1.476929605e+00 -1.444902949e+00 -1.414235695e+00 -1.384838986e+00 -1.356636330e+00 -1.329559539e+00
-1.303542359e+00 -1.278523934e+00 -1.254447621e+00 -1.231261463e+00 -1.208916858e+00 -1.187368677e+00 -1.166575333e+00 -1.146497726e+00
-2.141747218e+00 -2.075032883e+00 -2.012346429e+00 -1.953333404e+00 -1.897677746e+00 -1.845103528e+00 -1.795363626e+00 -1.748236031e+00
-1.703522120e+00 -1.661039612e+00 -1.620627482e+00 -1.582135507e+00 -1.545429759e+00 -1.510388855e+00 -1.476904748e+00 -1.444876042e+00
-1.414212160e+00 -1.384825943e+00 -1.356633759e+00 -1.329559539e+00 -1.303542359e+00 -1.278523934e+00 -1.254447621e+00 -1.231261463e+00
-1.208916858e+00 -1.187368677e+00 -1.166575333e+00 -1.146497726e+00 -2.141747218e+00 -2.075032883e+00 -2.012344417e+00 -1.953326268e+00
-1.897666701e+00 -1.845089721e+00 -1.795349538e+00 -1.748225313e+00 -1.703516667e+00 -1.661044552e+00 -1.620640731e+00 -1.582155310e+00
-1.545451001e+00 -1.510406260e+00 -1.476910179e+00 -1.444868778e+00 -1.414191988e+00 -1.384798897e+00 -1.356611469e+00 -1.329551662e+00
-1.303542359e+00 -1.278523934e+00 -1.254447621e+00 -1.231261463e+00 -1.208916858e+00 -1.187368677e+00 -1.166575333e+00 -1.146497726e+00
-2.141747218e+00 -2.075032649e+00 -2.012342003e+00 -1.953318711e+00 -1.897655221e+00 -1.845077941e+00 -1.795342860e+00 -1.748230251e+00
-1.703540134e+00 -1.661089611e+00 -1.620709567e+00 -1.582242195e+00 -1.545551430e+00 -1.510506057e+00 -1.476996262e+00 -1.444929665e+00
-1.414221626e+00 -1.384798786e+00 -1.356591150e+00 -1.329525858e+00 -1.303528976e+00 -1.278523219e+00 -1.254447621e+00 -1.231261463e+00
-1.208916858e+00 -1.187368677e+00 -1.166575333e+00 -1.146497726e+00 -2.141747218e+00 -2.075031506e+00 -2.012337075e+00 -1.953309922e+00
-1.897644540e+00 -1.845071262e+00 -1.795348534e+00 -1.748257251e+00 -1.703601906e+00 -1.661192441e+00 -1.620856522e+00 -1.582432476e+00
-1.545768947e+00 -1.510734861e+00 -1.477212934e+00 -1.445113419e+00 -1.414355633e+00 -1.384876859e+00 -1.356617060e+00 -1.329516171e+00
-1.303504478e+00 -1.278507555e+00 -1.254446504e+00 -1.231261463e+00 -1.208916858e+00 -1.187368677e+00 -1.166575333e+00 -1.146497726e+00
-2.141747218e+00 -2.075030380e+00 -2.012332370e+00 -1.953301675e+00 -1.897637295e+00 -1.845071793e+00 -1.795369623e+00 -1.748315545e+00
-1.703708134e+00 -1.661362229e+00 -1.621096652e+00 -1.582739175e+00 -1.546128273e+00 -1.511120920e+00 -1.477596147e+00 -1.445457011e+00
-1.414635373e+00 -1.385074290e+00 -1.356732146e+00 -1.329561349e+00 -1.303502674e+00 -1.278485973e+00 -1.254432494e+00 -1.231261221e+00
-1.208916858e+00 -1.187368677e+00 -1.166575333e+00 -1.146497726e+00 -2.141747218e+00 -2.075029354e+00 -2.012328124e+00 -1.953294708e+00
-1.897632753e+00 -1.845080039e+00 -1.795406021e+00 -1.748397603e+00 -1.703856807e+00 -1.661593563e+00 -1.621421296e+00 -1.583155499e+00
-1.546620719e+00 -1.511660195e+00 -1.478141926e+00 -1.445967455e+00 -1.415069904e+00 -1.385410157e+00 -1.356957494e+00 -1.329686732e+00
-1.303547562e+00 -1.278483848e+00 -1.254412929e+00 -1.231251462e+00 -1.208916858e+00 -1.187368677e+00 -1.166575333e+00 -1.146497726e+00
-2.141747218e+00 -2.075028521e+00 -2.012323908e+00 -1.953288841e+00 -1.897632152e+00 -1.845096290e+00 -1.795453431e+00 -1.748496840e+00
-1.704032575e+00 -1.661863026e+00 -1.621798026e+00 -1.583640413e+00 -1.547198438e+00 -1.512300540e+00 -1.478801378e+00 -1.446596467e+00
-1.415622871e+00 -1.385854852e+00 -1.357278134e+00 -1.329885888e+00 -1.303648386e+00 -1.278513546e+00 -1.254405615e+00 -1.231236141e+00
-1.208913921e+00 -1.187368677e+00 -1.166575333e+00 -1.146497726e+00 -2.141747218e+00 -2.075027967e+00 -2.012320710e+00 -1.953285239e+00
-1.897633067e+00 -1.845113413e+00 -1.795502863e+00 -1.748596605e+00 -1.704204428e+00 -1.662129410e+00 -1.622170576e+00 -1.584120841e+00
-1.547776822e+00 -1.512946265e+00 -1.479473431e+00 -1.447246888e+00 -1.416207039e+00 -1.386335304e+00 -1.357639614e+00 -1.330126329e+00
-1.303782832e+00 -1.278568601e+00 -1.254413271e+00 -1.231225101e+00 -1.208905763e+00 -1.187368677e+00 -1.166575333e+00 -1.146497726e+00
-2.141747218e+00 -2.075027750e+00 -2.012318884e+00 -1.953283397e+00 -1.897635902e+00 -1.845128119e+00 -1.795540818e+00 -1.748676786e+00
-1.704342172e+00 -1.662340807e+00 -1.622467976e+00 -1.584509589e+00 -1.548245697e+00 -1.513474321e+00 -1.480027847e+00 -1.447789287e+00
-1.416699198e+00 -1.386749078e+00 -1.357955923e+00 -1.330343975e+00 -1.303913656e+00 -1.278631782e+00 -1.254430924e+00 -1.231220562e+00
-1.208897874e+00 -1.187368016e+00 -1.166575333e+00 -1.146497726e+00 -2.141747218e+00 -2.075027887e+00 -2.012318528e+00 -1.953282741e+00
-1.897637091e+00 -1.845134754e+00 -1.795562264e+00 -1.748718532e+00 -1.704415145e+00 -1.662456013e+00 -1.622631054e+00 -1.584723485e+00
-1.548506426e+00 -1.513770792e+00 -1.480342091e+00 -1.448099802e+00 -1.416984871e+00 -1.386991132e+00 -1.358144998e+00 -1.330477191e+00
-1.303996180e+00 -1.278672461e+00 -1.254445762e+00 -1.231220202e+00 -1.208893326e+00 -1.187366644e+00 -1.166575333e+00 -1.146497726e+00
-2.141747218e+00 -2.075028345e+00 -2.012319614e+00 -1.953283287e+00 -1.897636584e+00 -1.845132999e+00 -1.795558409e+00 -1.748712699e+00
-1.704407758e+00 -1.662447714e+00 -1.622622645e+00 -1.584715506e+00 -1.548500061e+00 -1.513767005e+00 -1.480341459e+00 -1.448102357e+00
-1.416990104e+00 -1.386998099e+00 -1.358152495e+00 -1.330483989e+00 -1.304001273e+00 -1.278675566e+00 -1.254446994e+00 -1.231220167e+00
-1.208892816e+00 -1.187366455e+00 -1.166575333e+00 -1.146497726e+00 -2.141747218e+00 -2.075029057e+00 -2.012322009e+00 -1.953284979e+00
-1.897634426e+00 -1.845122997e+00 -1.795529712e+00 -1.748662227e+00 -1.704322872e+00 -1.662318517e+00 -1.622444479e+00 -1.584487405e+00
-1.548228417e+00 -1.513464186e+00 -1.480026533e+00 -1.447796677e+00 -1.416714128e+00 -1.386768141e+00 -1.357975566e+00 -1.330362422e+00
-1.303926801e+00 -1.278640239e+00 -1.254434572e+00 -1.231220458e+00 -1.208896331e+00 -1.187367464e+00 -1.166575333e+00 -1.146497726e+00
-2.141747218e+00 -2.075029943e+00 -2.012325513e+00 -1.953288124e+00 -1.897631936e+00 -1.845105319e+00 -1.795488892e+00 -1.748575508e+00
-1.704177439e+00 -1.662097269e+00 -1.622136806e+00 -1.584090182e+00 -1.547753229e+00 -1.512933036e+00 -1.479472851e+00 -1.447258488e+00
-1.416228460e+00 -1.386362159e+00 -1.357667128e+00 -1.330150751e+00 -1.303801184e+00 -1.278579383e+00 -1.254416792e+00 -1.231223667e+00
-1.208903718e+00 -1.187368677e+00 -1.166575333e+00 -1.146497726e+00 -2.141747218e+00 -2.075030928e+00 -2.012329444e+00 -1.953293587e+00
-1.897632471e+00 -1.845090056e+00 -1.795439938e+00 -1.748474950e+00 -1.704002062e+00 -1.661829449e+00 -1.621761206e+00 -1.583607607e+00
-1.547173780e+00 -1.512287940e+00 -1.478802792e+00 -1.446610994e+00 -1.415647754e+00 -1.385884376e+00 -1.357308970e+00 -1.329911520e+00
-1.303665328e+00 -1.278520983e+00 -1.254405401e+00 -1.231233212e+00 -1.208912550e+00 -1.187368677e+00 -1.166575333e+00 -1.146497726e+00
-2.141747218e+00 -2.075031958e+00 -2.012333536e+00 -1.953300119e+00 -1.897634410e+00 -1.845076982e+00 -1.795395188e+00 -1.748378913e+00
-1.703831413e+00 -1.661563691e+00 -1.621390084e+00 -1.583126803e+00 -1.546600626e+00 -1.511651066e+00 -1.478145700e+00 -1.445982733e+00
-1.415094315e+00 -1.385437878e+00 -1.356984408e+00 -1.329705242e+00 -1.303559428e+00 -1.278486149e+00 -1.254410581e+00 -1.231248317e+00
-1.208916858e+00 -1.187368677e+00 -1.166575333e+00 -1.146497726e+00 -2.141747218e+00 -2.075032883e+00 -2.012338018e+00 -1.953307831e+00
-1.897640709e+00 -1.845070648e+00 -1.795362564e+00 -1.748300363e+00 -1.703687703e+00 -1.661339289e+00 -1.621071254e+00 -1.582718077e+00
-1.546113868e+00 -1.511116259e+00 -1.477601325e+00 -1.445470187e+00 -1.414654099e+00 -1.385095361e+00 -1.356750523e+00 -1.329572058e+00
-1.303505131e+00 -1.278483509e+00 -1.254428164e+00 -1.231259694e+00 -1.208916858e+00 -1.187368677e+00 -1.166575333e+00 -1.146497726e+00
-2.141747218e+00 -2.075032883e+00 -2.012342684e+00 -1.953316361e+00 -1.897649946e+00 -1.845072415e+00 -1.795345429e+00 -1.748250219e+00
-1.703588465e+00 -1.661177613e+00 -1.620841884e+00 -1.582419935e+00 -1.545760681e+00 -1.510733478e+00 -1.477218470e+00 -1.445123753e+00
-1.414368526e+00 -1.384887366e+00 -1.356625477e+00 -1.329518634e+00 -1.303501940e+00 -1.278502981e+00 -1.254444855e+00 -1.231261463e+00
-1.208916858e+00 -1.187368677e+00 -1.166575333e+00 -1.146497726e+00 -2.141747218e+00 -2.075032883e+00 -2.012344740e+00 -1.953324338e+00
-1.897660927e+00 -1.845081212e+00 -1.795343197e+00 -1.748227537e+00 -1.703534718e+00 -1.661082291e+00 -1.620701554e+00 -1.582236646e+00
-1.545548071e+00 -1.510506490e+00 -1.476999394e+00 -1.444935574e+00 -1.414227522e+00 -1.384801921e+00 -1.356590900e+00 -1.329522227e+00
-1.303524528e+00 -1.278521523e+00 -1.254447621e+00 -1.231261463e+00 -1.208916858e+00 -1.187368677e+00 -1.166575333e+00 -1.146497726e+00
-2.141747218e+00 -2.075032883e+00 -2.012346842e+00 -1.953331650e+00 -1.897672701e+00 -1.845094654e+00 -1.795352368e+00 -1.748226018e+00
-1.703516689e+00 -1.661042854e+00 -1.620637823e+00 -1.582153547e+00 -1.545450390e+00 -1.510406802e+00 -1.476911868e+00 -1.444869962e+00
-1.414191812e+00 -1.384796991e+00 -1.356607845e+00 -1.329548130e+00 -1.303541519e+00 -1.278523934e+00 -1.254447621e+00 -1.231261463e+00
-1.208916858e+00 -1.187368677e+00 -1.166575333e+00 -1.146497726e+00 -2.141747218e+00 -2.075032883e+00 -2.012348946e+00 -1.953336667e+00
-1.897682605e+00 -1.845108758e+00 -1.795367798e+00 -1.748239475e+00 -1.703523938e+00 -1.661040982e+00 -1.620627591e+00 -1.582135565e+00
-1.545429766e+00 -1.510388811e+00 -1.476903942e+00 -1.444874222e+00 -1.414209610e+00 -1.384823031e+00 -1.356632426e+00 -1.329559539e+00
-1.303542359e+00 -1.278523934e+00 -1.254447621e+00 -1.231261463e+00 -1.208916858e+00 -1.187368677e+00 -1.166575333e+00 -1.146497726e+00
-2.141747218e+00 -2.075032883e+00 -2.012349046e+00 -1.953339554e+00 -1.897690484e+00 -1.845120546e+00 -1.795383789e+00 -1.748257134e+00
-1.703541920e+00 -1.661058495e+00 -1.620644181e+00 -1.582151472e+00 -1.545446972e+00 -1.510409334e+00 -1.476928033e+00 -1.444901154e+00
-1.414234739e+00 -1.384838986e+00 -1.356636330e+00 -1.329559539e+00 -1.303542359e+00 -1.278523934e+00 -1.254447621e+00 -1.231261463e+00
-1.208916858e+00 -1.187368677e+00 -1.166575333e+00 -1.146497726e+00 -2.141747218e+00 -2.075032883e+00 -2.012349046e+00 -1.953341340e+00
-1.897693964e+00 -1.845128407e+00 -1.795395882e+00 -1.748272421e+00 -1.703560030e+00 -1.661078707e+00 -1.620665948e+00 -1.582174315e+00
-1.545470368e+00 -1.510432715e+00 -1.476947607e+00 -1.444914580e+00 -1.414239126e+00 -1.384838986e+00 -1.356636330e+00 -1.329559539e+00
-1.303542359e+00 -1.278523934e+00 -1.254447621e+00 -1.231261463e+00 -1.208916858e+00 -1.187368677e+00 -1.166575333e+00 -1.146497726e+00
-2.141747218e+00 -2.075032883e+00 -2.012349046e+00 -1.953341340e+00 -1.897695757e+00 -1.845132273e+00 -1.795401128e+00 -1.748280796e+00
-1.703570781e+00 -1.661090987e+00 -1.620678825e+00 -1.582186796e+00 -1.545481234e+00 -1.510438913e+00 -1.476950363e+00 -1.444914580e+00
-1.414239126e+00 -1.384838986e+00 -1.356636330e+00 -1.329559539e+00 -1.303542359e+00 -1.278523934e+00 -1.254447621e+00 -1.231261463e+00
-1.208916858e+00 -1.187368677e+00 -1.166575333e+00 -1.146497726e+00 -2.141747218e+00 -2.075032883e+00 -2.012349046e+00 -1.953341340e+00
-1.897695757e+00 -1.845132600e+00 -1.795402795e+00 -1.748283401e+00 -1.703573873e+00 -1.661094072e+00 -1.620681375e+00 -1.582188258e+00
-1.545481234e+00 -1.510438913e+00 -1.476950363e+00 -1.444914580e+00 -1.414239126e+00 -1.384838986e+00 -1.356636330e+00 -1.329559539e+00
-1.303542359e+00 -1.278523934e+00 -1.254447621e+00 -1.231261463e+00 -1.208916858e+00 -1.187368677e+00 -1.166575333e+00 -1.146497726e+00
-2.141747218e+00 -2.075032883e+00 -2.012349046e+00 -1.953341340e+00 -1.897695757e+00 -1.845132600e+00 -1.795402795e+00 -1.748283401e+00
-1.703573873e+00 -1.661094072e+00 -1.620681375e+00 -1.582188258e+00 -1.545481234e+00 -1.510438913e+00 -1.476950363e+00 -1.444914580e+00
-1.414239126e+00 -1.384838986e+00 -1.356636330e+00 -1.329559539e+00 -1.303542359e+00 -1.278523934e+00 -1.254447621e+00 -1.231261463e+00
-1.208916858e+00 -1.187368677e+00 -1.166575333e+00 -1.146497726e+00 -2.141747218e+00 -2.075032883e+00 -2.012349046e+00 -1.953341340e+00
-1.897695757e+00 -1.845132600e+00 -1.795402795e+00 -1.748283401e+00 -1.703573873e+00 -1.661094072e+00 -1.620681375e+00 -1.582188258e+00
-1.545481234e+00 -1.510438913e+00 -1.476950363e+00 -1.444914580e+00 -1.414239126e+00 -1.384838986e+00 -1.356636330e+00 -1.329559539e+00
-1.303542359e+00 -1.278523934e+00 -1.254447621e+00 -1.231261463e+00 -1.208916858e+00 -1.187368677e+00 -1.166575333e+00 -1.146497726e+00
-2.141747218e+00 -2.075032883e+00 -2.012349046e+00 -1.953341340e+00 -1.897695757e+00 -1.845132600e+00 -1.795402795e+00 -1.748283401e+00
-1.703573873e+00 -1.661094072e+00 -1.620681375e+00 -1.582188258e+00 -1.545481234e+00 -1.510438913e+00 -1.476950363e+00 -1.444914580e+00
-1.414239126e+00 -1.384838986e+00 -1.356636330e+00 -1.329559539e+00 -1.303542359e+00 -1.278523934e+00 -1.254447621e+00 -1.231261463e+00
-1.208916858e+00 -1.187368677e+00 -1.166575333e+00 -1.146497726e+00 -2.141747218e+00 -2.075032883e+00 -2.012349046e+00 -1.953341340e+00
-1.897695757e+00 -1.845132600e+00 -1.795402795e+00 -1.748283401e+00 -1.703573873e+00 -1.661094072e+00 -1.620681375e+00 -1.582188258e+00
-1.545481234e+00 -1.510438913e+00 -1.476950363e+00 -1.444914580e+00 -1.414239126e+00 -1.384838986e+00 -1.356636330e+00 -1.329559539e+00
-1.303542359e+00 -1.278523934e+00 -1.254447621e+00 -1.231261463e+00 -1.208916858e+00 -1.187368677e+00 -1.166575333e+00 -1.146497726e+00
-2.141747218e+00 -2.075032883e+00 -2.012349046e+00 -1.953341340e+00 -1.897695757e+00 -1.845132600e+00 -1.795402795e+00 -1.748283401e+00
-1.703573873e+00 -1.661094072e+00 -1.620681375e+00 -1.582188258e+00 -1.545481234e+00 -1.510438913e+00 -1.476950363e+00 -1.444914580e+00
-1.414239126e+00 -1.384838986e+00 -1.356636330e+00 -1.329559539e+00 -1.303542359e+00 -1.278523934e+00 -1.254447621e+00 -1.231261463e+00
-1.208916858e+00 -1.187368677e+00 -1.166575333e+00 -1.146497726e+00 -2.141747218e+00 -2.075032883e+00 -2.012349046e+00 -1.953341340e+00
-1.897695757e+00 -1.845132600e+00 -1.795402795e+00 -1.748283401e+00 -1.703573873e+00 -1.661094072e+00 -1.620681375e+00 -1.582188258e+00
-1.545481234e+00 -1.510438913e+00 -1.476950363e+00 -1.444914580e+00 -1.414239126e+00 -1.384838986e+00 -1.356636330e+00 -1.329559539e+00
-1.303542359e+00 -1.278523934e+00 -1.254447621e+00 -1.231261463e+00 -1.208916858e+00 -1.187368677e+00 -1.166575333e+00 -1.146497726e+00
-2.141747218e+00 -2.075032883e+00 -2.012349046e+00 -1.953341340e+00 -1.897695757e+00 -1.845132600e+00 -1.795402795e+00 -1.748283401e+00
-1.703573873e+00 -1.661094072e+00 -1.620681375e+00 -1.582188258e+00 -1.545481234e+00 -1.510438913e+00 -1.476950363e+00 -1.444914580e+00
-1.414239126e+00 -1.384838986e+00 -1.356636330e+00 -1.329559539e+00 -1.303542359e+00 -1.278523934e+00 -1.254447621e+00 -1.231261463e+00
-1.208916858e+00 -1.187368677e+00 -1.166575333e+00 -1.146497726e+00 -2.141747218e+00 -2.075032883e+00 -2.012349046e+00 -1.953341340e+00
-1.897695757e+00 -1.845132600e+00 -1.795402795e+00 -1.748283401e+00 -1.703573873e+00 -1.661094072e+00 -1.620681375e+00 -1.582188258e+00
-1.545481234e+00 -1.510438913e+00 -1.476950363e+00 -1.444914580e+00 -1.414239126e+00 -1.384838986e+00 -1.356636330e+00 -1.329559539e+00
-1.303542359e+00 -1.278523934e+00 -1.254447621e+00 -1.231261463e+00 -1.208916858e+00 -1.187368677e+00 -1.166575333e+00 -1.146497726e+00
-2.141747218e+00 -2.075032883e+00 -2.012349046e+00 -1.953341340e+00 -1.897695757e+00 -1.845132600e+00 -1.795402795e+00 -1.748283401e+00
-1.703573873e+00 -1.661094072e+00 -1.620681375e+00 -1.582188258e+00 -1.545481234e+00 -1.510438913e+00 -1.476950363e+00 -1.444914580e+00
-1.414239126e+00 -1.384838986e+00 -1.356636330e+00 -1.329559539e+00 -1.303542359e+00 -1.278523934e+00 -1.254447621e+00 -1.231261463e+00
-1.208916858e+00 -1.187368677e+00 -1.166575333e+00 -1.146497726e+00 -2.141747218e+00 -2.075032883e+00 -2.012349046e+00 -1.953341340e+00
-1.897695757e+00 -1.845132600e+00 -1.795402795e+00 -1.748283401e+00 -1.703573873e+00 -1.661094072e+00 -1.620681375e+00 -1.582188258e+00
-1.545481234e+00 -1.510438913e+00 -1.476950363e+00 -1.444914580e+00 -1.414239126e+00 -1.384838986e+00 -1.356636330e+00 -1.329559539e+00
-1.303542359e+00 -1.278523934e+00 -1.254447621e+00 -1.231261463e+00 -1.208916858e+00 -1.187368677e+00 -1.166575333e+00 -1.146497726e+00
-2.141747218e+00 -2.075032883e+00 -2.012349046e+00 -1.953341340e+00 -1.897695757e+00 -1.845132600e+00 -1.795402795e+00 -1.748283401e+00
-1.703573873e+00 -1.661094072e+00 -1.620681375e+00 -1.582188258e+00 -1.545481234e+00 -1.510438913e+00 -1.476950363e+00 -1.444914580e+00
-1.414239126e+00 -1.384838986e+00 -1.356636330e+00 -1.329559539e+00 -1.303542359e+00 -1.278523934e+00 -1.254447621e+00 -1.231261463e+00
-1.208916858e+00 -1.187368677e+00 -1.166575333e+00 -1.146497726e+00 -2.141747218e+00 -2.075032883e+00 -2.012349046e+00 -1.953341340e+00
-1.897695757e+00 -1.845132600e+00 -1.795402795e+00 -1.748283401e+00 -1.703573873e+00 -1.661094072e+00 -1.620681375e+00 -1.582188258e+00
-1.545481234e+00 -1.510438913e+00 -1.476950363e+00 -1.444914580e+00 -1.414239126e+00 -1.384838986e+00 -1.356636330e+00 -1.329559539e+00
-1.303542359e+00 -1.278523934e+00 -1.254447621e+00 -1.231261463e+00 -1.208916858e+00 -1.187368677e+00 -1.166575333e+00 -1.146497726e+00
-2.141747218e+00 -2.075032883e+00 -2.012349046e+00 -1.953341340e+00 -1.897695757e+00 -1.845132600e+00 -1.795402795e+00 -1.748283401e+00
-1.703573873e+00 -1.661094072e+00 -1.620681375e+00 -1.582188258e+00 -1.545481234e+00 -1.510438913e+00 -1.476950363e+00 -1.444914580e+00
-1.414239126e+00 -1.384838986e+00 -1.356636330e+00 -1.329559539e+00 -1.303542359e+00 -1.278523934e+00 -1.254447621e+00 -1.231261463e+00
-1.208916858e+00 -1.187368677e+00 -1.166575333e+00 -1.146497726e+00 -2.141747218e+00 -2.075032883e+00 -2.012349046e+00 -1.953341340e+00
-1.897695757e+00 -1.845132600e+00 -1.795402795e+00 -1.748283401e+00 -1.703573873e+00 -1.661094072e+00 -1.620681375e+00 -1.582188258e+00
-1.545481234e+00 -1.510438913e+00 -1.476950363e+00 -1.444914580e+00 -1.414239126e+00 -1.384838986e+00 -1.356636330e+00 -1.329559539e+00
-1.303542359e+00 -1.278523934e+00 -1.254447621e+00 -1.231261463e+00 -1.208916858e+00 -1.187368677e+00 -1.166575333e+00 -1.146497726e+00
-2.141747218e+00 -2.075032883e+00 -2.012349046e+00 -1.953341340e+00 -1.897695757e+00 -1.845132600e+00 -1.795402795e+00 -1.748283401e+00
-1.703573873e+00 -1.661094072e+00 -1.620681375e+00 -1.582188258e+00 -1.545481234e+00 -1.510438913e+00 -1.476950363e+00 -1.444914580e+00
-1.414239126e+00 -1.384838986e+00 -1.356636330e+00 -1.329559539e+00 -1.303542359e+00 -1.278523934e+00 -1.254447621e+00 -1.231261463e+00
-1.208916858e+00 -1.187368677e+00 -1.166575333e+00 -1.146497726e+00 -2.141747218e+00 -2.075032883e+00 -2.012349046e+00 -1.953341340e+00
-1.897695757e+00 -1.845132600e+00 -1.795402795e+00 -1.748283401e+00 -1.703573873e+00 -1.661094072e+00 -1.620681375e+00 -1.582188258e+00
-1.545481234e+00 -1.510438913e+00 -1.476950363e+00 -1.444914580e+00 -1.414239126e+00 -1.384838986e+00 -1.356636330e+00 -1.329559539e+00
-1.303542359e+00 -1.278523934e+00 -1.254447621e+00 -1.231261463e+00 -1.208916858e+00 -1.187368677e+00 -1.166575333e+00 -1.146497726e+00
-2.141747218e+00 -2.075032883e+00 -2.012349046e+00 -1.953341340e+00 -1.897695757e+00 -1.845132600e+00 -1.795402795e+00 -1.748283401e+00
-1.703573873e+00 -1.661094072e+00 -1.620681375e+00 -1.582188258e+00 -1.545481234e+00 -1.510438913e+00 -1.476950363e+00 -1.444914580e+00
-1.414239126e+00 -1.384838986e+00 -1.356636330e+00 -1.329559539e+00 -1.303542359e+00 -1.278523934e+00 -1.254447621e+00 -1.231261463e+00
-1.208916858e+00 -1.187368677e+00 -1.166575333e+00 -1.146497726e+00 
B_z values [T] 
 6.015246131e-02  5.945879381e-02  5.880924984e-02  5.827677208e-02  5.794687626e-02  5.781603986e-02  5.782865599e-02  5.791753351e-02
 5.809493911e-02  5.840978647e-02  5.886962135e-02  5.946228864e-02  6.017935907e-02  6.104216299e-02  6.207641795e-02  6.329621685e-02
 6.470864210e-02  6.632238911e-02  6.815701390e-02  7.022194841e-02  7.251872878e-02  7.525655090e-02  7.842429536e-02  8.171203685e-02
 8.517135462e-02  8.899119270e-02  9.327465698e-02  9.774029630e-02  6.117068300e-02  5.994804037e-02  5.894361040e-02  5.826510863e-02
 5.786485176e-02  5.770148908e-02  5.773044762e-02  5.791463863e-02  5.824290731e-02  5.872025273e-02  5.934805981e-02  6.012406401e-02
 6.104902064e-02  6.213251702e-02  6.338786544e-02  6.482682271e-02  6.645969541e-02  6.829724909e-02  7.035102655e-02  7.262709460e-02
 7.511817104e-02  7.777809973e-02  8.111252324e-02  8.517570533e-02  8.908611107e-02  9.293656400e-02  9.726470490e-02  1.017747922e-01
 6.137389000e-02  5.985636773e-02  5.864152377e-02  5.787081256e-02  5.744871019e-02  5.730918978e-02  5.740230044e-02  5.769213198e-02
 5.815808725e-02  5.879074167e-02  5.958519694e-02  6.053897677e-02  6.165310328e-02  6.293302530e-02  6.438718721e-02  6.602527643e-02
 6.785790237e-02  6.989689865e-02  7.215550203e-02  7.464823121e-02  7.739333800e-02  8.042605742e-02  8.384779540e-02  8.760750038e-02
 9.181542944e-02  9.607168687e-02  1.003846775e-01  1.049512547e-01  6.049251413e-02  5.895788287e-02  5.773982399e-02  5.699711878e-02
 5.663505320e-02  5.658105008e-02  5.678190648e-02  5.720024154e-02  5.781161872e-02  5.860129788e-02  5.956085952e-02  6.068619455e-02
 6.197699379e-02  6.343646066e-02  6.507063897e-02  6.688768395e-02  6.889790116e-02  7.111393668e-02  7.355107503e-02  7.622833073e-02
 7.917033212e-02  8.240958745e-02  8.598415555e-02  8.989525946e-02  9.412688737e-02  9.843300866e-02  1.028815614e-01  1.074718851e-01
 5.872256870e-02  5.729020476e-02  5.619275672e-02  5.559582038e-02  5.538400087e-02  5.548094956e-02  5.583461601e-02  5.640931973e-02
 5.718107110e-02  5.813439397e-02  5.925981585e-02  6.055234706e-02  6.201061473e-02  6.363628588e-02  6.543383551e-02  6.741031617e-02
 6.957516977e-02  7.194086719e-02  7.452358562e-02  7.734410235e-02  8.042944440e-02  8.381307920e-02  8.753140220e-02  9.160423130e-02
 9.597901358e-02  1.002424134e-01  1.047749131e-01  1.097117065e-01  5.571553542e-02  5.469559098e-02  5.395810439e-02  5.365412745e-02
 5.368827175e-02  5.400016496e-02  5.454925502e-02  5.530755742e-02  5.625576405e-02  5.738081096e-02  5.867429275e-02  6.013132733e-02
 6.175001276e-02  6.353108657e-02  6.547765387e-02  6.759521914e-02  6.989200150e-02  7.237927162e-02  7.507219723e-02  7.799138594e-02
 8.116498843e-02  8.463332061e-02  8.845956683e-02  9.276293063e-02  9.783467396e-02  1.013221119e-01  1.051108897e-01  1.110868957e-01
 5.159491667e-02  5.127958348e-02  5.111858651e-02  5.122863129e-02  5.158330867e-02  5.215873449e-02  5.293549057e-02  5.389845842e-02
 5.503608666e-02  5.633980909e-02  5.780354993e-02  5.942337024e-02  6.119730574e-02  6.312515764e-02  6.520863814e-02  6.745146805e-02
 6.985963680e-02  7.244195957e-02  7.521060500e-02  7.818229755e-02  8.137988185e-02  8.483421990e-02  8.858614515e-02  9.268396675e-02
 9.715263428e-02  1.018506527e-01  1.061779150e-01  1.100294365e-01  4.707336957e-02  4.745995642e-02  4.788776698e-02  4.843912277e-02
 4.913961259e-02  4.999869418e-02  5.101823354e-02  5.219662692e-02  5.353076412e-02  5.501719286e-02  5.665256592e-02  5.843405879e-02
 6.035962377e-02  6.242807206e-02  6.463950541e-02  6.699533226e-02  6.949858622e-02  7.215442370e-02  7.497041314e-02  7.795716335e-02
 8.112896446e-02  8.450425450e-02  8.810498708e-02  9.195360710e-02  9.606493810e-02  1.004407044e-01  1.051654026e-01  1.100202717e-01
 4.256492875e-02  4.352885024e-02  4.445667187e-02  4.540718286e-02  4.643416411e-02  4.756868570e-02  4.882815613e-02  5.022157840e-02
 5.175281124e-02  5.342261753e-02  5.522987268e-02  5.717249924e-02  5.924797970e-02  6.145385297e-02  6.378813386e-02  6.624945025e-02
 6.883740306e-02  7.155272065e-02  7.439747869e-02  7.737516686e-02  8.049083402e-02  8.375105739e-02  8.716335668e-02  9.073652849e-02
 9.448301026e-02  9.843149002e-02  1.026683588e-01  1.070041668e-01  3.828519689e-02  3.965547655e-02  4.095168381e-02  4.222255016e-02
 4.352844909e-02  4.490983904e-02  4.639242452e-02  4.799145082e-02  4.971501912e-02  5.156632637e-02  5.354524221e-02  5.564953236e-02
 5.787562777e-02  6.021928326e-02  6.267590981e-02  6.524101460e-02  6.791039004e-02  7.068005514e-02  7.354627243e-02  7.650539094e-02
 7.955328779e-02  8.268491875e-02  8.589356238e-02  8.917080523e-02  9.250762986e-02  9.589921281e-02  9.935287509e-02  1.027809810e-01
 3.423731682e-02  3.587859023e-02  3.742726597e-02  3.893254207e-02  4.045804578e-02  4.204711242e-02  4.372799453e-02  4.551793350e-02
 4.742616158e-02  4.945615360e-02  5.160722499e-02  5.387581826e-02  5.625645757e-02  5.874237049e-02  6.132604114e-02  6.399952794e-02
 6.675459537e-02  6.958273147e-02  7.247476635e-02  7.542034979e-02  7.840707047e-02  8.141922406e-02  8.443616399e-02  8.743028159e-02
 9.036459724e-02  9.318898359e-02  9.583266147e-02  9.832265299e-02  3.045732269e-02  3.222174369e-02  3.389893287e-02  3.554895870e-02
 3.723141669e-02  3.898589993e-02  4.083800307e-02  4.280296302e-02  4.488819377e-02  4.709522910e-02  4.942120670e-02  5.185999342e-02
 5.440317623e-02  5.704079450e-02  5.976182006e-02  6.255469093e-02  6.540732568e-02  6.830692745e-02  7.123969308e-02  7.419000691e-02
 7.713902662e-02  8.006286188e-02  8.292988769e-02  8.569712565e-02  8.830505940e-02  9.066972329e-02  9.266995248e-02  9.442358640e-02
 2.692994512e-02  2.865837514e-02  3.033719801e-02  3.204773144e-02  3.382966476e-02  3.571108337e-02  3.771018949e-02  3.983692637e-02
 4.209442345e-02  4.448035660e-02  4.698803871e-02  4.960744210e-02  5.232621418e-02  5.513044125e-02  5.800515575e-02  6.093480165e-02
 6.390362658e-02  6.689531010e-02  6.989257984e-02  7.287640021e-02  7.582433023e-02  7.870825173e-02  8.149116949e-02  8.412268487e-02
 8.653250725e-02  8.862162092e-02  9.025038845e-02  9.158753026e-02  2.344001261e-02  2.504844383e-02  2.665546612e-02  2.836904014e-02
 3.020836458e-02  3.218810680e-02  3.431714155e-02  3.659832157e-02  3.902884959e-02  4.160095137e-02  4.430279800e-02  4.711924837e-02
 5.003289566e-02  5.302491991e-02  5.607573105e-02  5.916568317e-02  6.227531367e-02  6.538545422e-02  6.847680495e-02  7.152908714e-02
 7.451966697e-02  7.742109469e-02  8.019785305e-02  8.280181151e-02  8.516516983e-02  8.719198450e-02  8.874651372e-02  9.000584529e-02
 1.978753590e-02  2.124371613e-02  2.274687912e-02  2.443291083e-02  2.630505508e-02  2.836666396e-02  3.061784342e-02  3.305401718e-02
 3.566567601e-02  3.843861344e-02  4.135449109e-02  4.439185285e-02  4.752701517e-02  5.073511436e-02  5.399115427e-02  5.727069999e-02
 6.055068184e-02  6.380952614e-02  6.702700907e-02  7.018389970e-02  7.326064400e-02  7.623549690e-02  7.908153997e-02  8.176259848e-02
 8.422723412e-02  8.639995973e-02  8.816882589e-02  8.967826965e-02  1.579278605e-02  1.710501324e-02  1.850383209e-02  2.015183554e-02
 2.204636388e-02  2.418436456e-02  2.655928000e-02  2.915980137e-02  3.196941835e-02  3.496663441e-02  3.812553582e-02  4.141682683e-02
 4.480903157e-02  4.826987313e-02  5.176761695e-02  5.527219359e-02  5.875628179e-02  6.219595998e-02  6.557095433e-02  6.886470564e-02
 7.206351676e-02  7.515542964e-02  7.812856393e-02  8.096789789e-02  8.365113672e-02  8.614162830e-02  8.837717931e-02  9.043124848e-02
 1.134684283e-02  1.253250072e-02  1.383342168e-02  1.543870227e-02  1.735205978e-02  1.956859900e-02  2.207708277e-02  2.486013730e-02
 2.789414538e-02  3.114951372e-02  3.459137268e-02  3.818080905e-02  4.187661523e-02  4.563709609e-02  4.942185034e-02  5.319364396e-02
 5.691979470e-02  6.057342711e-02  6.413432686e-02  6.758920838e-02  7.093191743e-02  7.416316822e-02  7.729007567e-02  8.032536025e-02
 8.328604034e-02  8.619130951e-02  8.905771167e-02  9.185912215e-02  6.503733761e-03  7.498809630e-03  8.658850836e-03  1.020490724e-02
 1.213369283e-02  1.443547961e-02  1.709420226e-02  2.008668580e-02  2.338202967e-02  2.694159290e-02  3.071975228e-02  3.466561409e-02
 3.872544218e-02  4.284530406e-02  4.697362163e-02  5.106348123e-02  5.507487729e-02  5.897667158e-02  6.274772388e-02  6.637784430e-02
 6.986858502e-02  7.323371702e-02  7.650029341e-02  7.971049371e-02  8.292414681e-02  8.622282128e-02  8.971549034e-02  9.327248927e-02
 1.098187582e-03  1.870350479e-03  2.866255382e-03  4.343282223e-03  6.288128350e-03  8.686205962e-03  1.151790946e-02  1.475535551e-02
 1.836056077e-02  2.228481245e-02  2.646938429e-02  3.084786203e-02  3.534998837e-02  3.990595874e-02  4.444926737e-02  4.891970571e-02
 5.326708884e-02  5.745373726e-02  6.145599545e-02  6.526548886e-02  6.889004291e-02  7.235469505e-02  7.570386421e-02  7.900482433e-02
 8.235362678e-02  8.588587313e-02  8.979344969e-02  9.387081888e-02 -5.061331698e-03 -4.509869029e-03 -3.676940513e-03 -2.268233344e-03
-3.031330609e-04  2.204351964e-03  5.235867016e-03  8.761676128e-03  1.273787379e-02  1.710486829e-02  2.178756849e-02  2.669844987e-02
 3.174453999e-02  3.683564467e-02  4.188574139e-02  4.681566304e-02  5.156090038e-02  5.607450762e-02  6.032820602e-02  6.431354229e-02
 6.804248219e-02  7.154820706e-02  7.488674928e-02  7.814083350e-02  8.142717712e-02  8.490968621e-02  8.882327410e-02  9.294651092e-02
-1.215549770e-02 -1.179344145e-02 -1.110273674e-02 -9.756861150e-03 -7.771804644e-03 -5.147170238e-03 -1.889652576e-03  1.973497505e-03
 6.395057727e-03  1.130458736e-02  1.660651523e-02  2.218220381e-02  2.790372300e-02  3.365830726e-02  3.933607098e-02  4.482709810e-02
 5.004778579e-02  5.493966449e-02  5.946742554e-02  6.362131690e-02  6.741569483e-02  7.088867048e-02  7.410195223e-02  7.714264907e-02
 8.012787248e-02  8.321407091e-02  8.661334239e-02  9.016565298e-02 -2.033934299e-02 -2.010586703e-02 -1.952158849e-02 -1.824122551e-02
-1.625998070e-02 -1.353058550e-02 -1.002878020e-02 -5.778892836e-03 -8.261942782e-04  4.751469146e-03  1.083563586e-02  1.725761580e-02
 2.382075583e-02  3.040458785e-02  3.687752438e-02  4.306177264e-02  4.885530224e-02  5.419023994e-02  5.901988538e-02  6.333466100e-02
 6.715129078e-02  7.051218872e-02  7.348178148e-02  7.614418343e-02  7.860268465e-02  8.098164366e-02  8.342910532e-02  8.590648885e-02
-2.970540865e-02 -2.950885178e-02 -2.898800848e-02 -2.777413158e-02 -2.577646707e-02 -2.292579799e-02 -1.919081514e-02 -1.456483731e-02
-9.075896757e-03 -2.796235481e-03  4.151533088e-03  1.159400114e-02  1.931837852e-02  2.709039425e-02  3.462656895e-02  4.167084228e-02
 4.815571224e-02  5.401936231e-02  5.918291422e-02  6.365171335e-02  6.744493826e-02  7.061415679e-02  7.322959896e-02  7.537233118e-02
 7.712910123e-02  7.858794231e-02  7.983309049e-02  8.097224659e-02 -4.019871100e-02 -3.992878020e-02 -3.939592068e-02 -3.820577140e-02
-3.618981531e-02 -3.325420450e-02 -2.932100599e-02 -2.434484823e-02 -1.832643820e-02 -1.132362456e-02 -3.458134159e-03  5.083638898e-03
 1.405754904e-02  2.317415414e-02  3.211070049e-02  4.054132703e-02  4.815311410e-02  5.469024310e-02  6.020970579e-02  6.482742764e-02
 6.854328240e-02  7.143738395e-02  7.359689957e-02  7.510707947e-02  7.604452506e-02  7.646858591e-02  7.641167157e-02  7.612543638e-02
-5.148765050e-02 -5.108674303e-02 -5.048652098e-02 -4.931360565e-02 -4.732895437e-02 -4.436850151e-02 -4.029531982e-02 -3.501561946e-02
-2.849396519e-02 -2.076642152e-02 -1.194953308e-02 -2.242948198e-03  8.076225544e-03  1.866728045e-02  2.914679224e-02  3.911746403e-02
 4.819726431e-02  5.604714095e-02  6.237752879e-02  6.718350602e-02  7.073762615e-02  7.325381060e-02  7.485410909e-02  7.563813125e-02
 7.568530976e-02  7.504073931e-02  7.370311708e-02  7.204439642e-02 -6.298775117e-02 -6.250916348e-02 -6.189805566e-02 -6.081378345e-02
-5.894509919e-02 -5.604656579e-02 -5.191426703e-02 -4.639874640e-02 -3.942120071e-02 -3.098945297e-02 -2.121019797e-02 -1.029422332e-02
 1.448047572e-03  1.362207744e-02  2.577504685e-02  3.743002230e-02  4.812368467e-02  5.744243003e-02  6.505194066e-02  7.072329399e-02
 7.433690857e-02  7.633885062e-02  7.726049751e-02  7.722471329e-02  7.633524509e-02  7.464163542e-02  7.212300152e-02  6.923142244e-02
-7.399596395e-02 -7.365285906e-02 -7.321108908e-02 -7.235625416e-02 -7.072368122e-02 -6.799511447e-02 -6.390101895e-02 -5.823376448e-02
-5.086656810e-02 -4.177365499e-02 -3.104715994e-02 -1.890602997e-02 -5.693339440e-03  8.140122222e-03  2.206615475e-02  3.552034555e-02
 4.794882805e-02  5.885383389e-02  6.783148296e-02  7.459649878e-02  7.898545201e-02  8.092986421e-02  8.103927487e-02  8.005943363e-02
 7.818314686e-02  7.549117865e-02  7.197708752e-02  6.811107971e-02 -8.407374058e-02 -8.410316360e-02 -8.403958556e-02 -8.357825180e-02
-8.231009623e-02 -7.986199844e-02 -7.590603885e-02 -7.017760019e-02 -6.249967769e-02 -5.280898810e-02 -4.117863243e-02 -2.783214695e-02
-1.314354490e-02  2.379481110e-03  1.812987267e-02  3.345009561e-02  4.768873145e-02  6.025657150e-02  7.067380761e-02  7.860075745e-02
 8.384800036e-02  8.636800600e-02  8.623386696e-02  8.422756053e-02  8.127180477e-02  7.761086048e-02  7.327047733e-02  6.867138855e-02
-9.301250672e-02 -9.360685214e-02 -9.408290201e-02 -9.413652846e-02 -9.333107857e-02 -9.125116781e-02 -8.751766145e-02 -8.181177333e-02
-7.390583526e-02 -6.369643859e-02 -5.123402041e-02 -3.674272547e-02 -2.062451220e-02 -3.442375341e-03  1.411767587e-02  3.130295401e-02
 4.736135373e-02  6.160875867e-02  7.348690612e-02  8.260186944e-02  8.873908831e-02  9.185634341e-02  9.206004729e-02  8.956602536e-02
 8.546759356e-02  8.081730517e-02  7.573716734e-02  7.054423222e-02 -1.007506372e-01 -1.019999391e-01 -1.030876671e-01 -1.037066043e-01
-1.034061462e-01 -1.017383116e-01 -9.827920756e-02 -9.265951671e-02 -8.460224739e-02 -7.396289966e-02 -6.076662586e-02 -4.523463310e-02
-2.779239004e-02 -9.053902166e-03  1.021962945e-02  2.918321951e-02  4.698602651e-02  6.285064098e-02  7.614117807e-02  8.641012638e-02
 9.341738176e-02  9.712182461e-02  9.764963862e-02  9.524342693e-02  9.050515299e-02  8.477150102e-02  7.894799145e-02  7.319854084e-02
-1.073236113e-01 -1.091834490e-01 -1.108396691e-01 -1.119842815e-01 -1.121596443e-01 -1.108908066e-01 -1.077141616e-01 -1.022142858e-01
-9.406779601e-02 -8.309061139e-02 -6.928187175e-02 -5.285667660e-02 -3.425869335e-02 -1.414590067e-02  6.653239794e-03  2.721033815e-02
 4.658411630e-02  6.391080101e-02  7.848284737e-02  8.980317259e-02  9.760830956e-02  1.018602007e-01  1.027126497e-01  1.004633291e-01
 9.550437517e-02  8.899764692e-02  8.237321375e-02  7.604329698e-02 -1.128056832e-01 -1.150877984e-01 -1.171478764e-01 -1.186862132e-01
-1.192350534e-01 -1.182928754e-01 -1.153597345e-01 -1.099789994e-01 -1.017863238e-01 -9.056198461e-02 -7.628060967e-02 -5.914949602e-02
-3.962487725e-02 -1.839913346e-02  3.644851174e-03  2.550961364e-02  4.617842698e-02  6.471508542e-02  8.035136782e-02  9.254806978e-02
 1.010216554e-01  1.057360823e-01  1.068666420e-01  1.047464025e-01  9.980513880e-02  9.281477115e-02  8.543075106e-02  7.851909439e-02
-1.172473218e-01 -1.196303472e-01 -1.218235694e-01 -1.235501265e-01 -1.243121204e-01 -1.235755914e-01 -1.208064035e-01 -1.155131761e-01
-1.072983046e-01 -9.591349187e-02 -8.131332846e-02 -6.369691384e-02 -4.352737675e-02 -2.152023607e-02  1.403874210e-03  2.419859450e-02
 4.579292522e-02  6.519808622e-02  8.160162350e-02  9.443310558e-02  1.033934917e-01  1.084473028e-01  1.097845473e-01  1.077651645e-01
 1.028596457e-01  9.560113912e-02  8.768036518e-02  8.025078399e-02 -1.204811281e-01 -1.226193500e-01 -1.246519160e-01 -1.263375494e-01
-1.271270234e-01 -1.264490009e-01 -1.237393688e-01 -1.184811293e-01 -1.102543224e-01 -9.879234700e-02 -8.403641710e-02 -6.617912707e-02
-4.568529378e-02 -2.328066435e-02  9.556383387e-05  2.337232276e-02  4.545067330e-02  6.531419492e-02  8.212656295e-02  9.529996636e-02
 1.045258502e-01  1.097670330e-01  1.112182803e-01  1.092473999e-01  1.043293377e-01  9.698162993e-02  8.879500102e-02  8.097772336e-02
-1.220996944e-01 -1.237521607e-01 -1.254047254e-01 -1.268547007e-01 -1.274991350e-01 -1.267340873e-01 -1.239753764e-01 -1.186934939e-01
-1.104602640e-01 -9.900332065e-02 -8.425961805e-02 -6.641813012e-02 -4.594063642e-02 -2.355012223e-02 -1.834366850e-04  2.308986969e-02
 4.517182650e-02  6.504598414e-02  8.187512371e-02  9.506982176e-02  1.043190845e-01  1.095826612e-01  1.110513906e-01  1.090881856e-01
 1.041616674e-01  9.678254238e-02  8.851047754e-02  8.056958516e-02 -1.216650101e-01 -1.227354696e-01 -1.239018426e-01 -1.249912028e-01
-1.253607120e-01 -1.243890252e-01 -1.214883058e-01 -1.161333397e-01 -1.079041065e-01 -9.653670067e-02 -8.197371456e-02 -6.440416628e-02
-4.428246240e-02 -2.231625971e-02  5.802981412e-04  2.336545861e-02  4.497082294e-02  6.440768677e-02  8.086109388e-02  9.375600249e-02
 1.027866813e-01  1.079091088e-01  1.093026515e-01  1.073132769e-01  1.023914833e-01  9.503978147e-02  8.686528442e-02  7.907695614e-02
-1.188070546e-01 -1.193648773e-01 -1.200688592e-01 -1.207564969e-01 -1.207790643e-01 -1.195227714e-01 -1.164173094e-01 -1.109609834e-01
-1.027590698e-01 -9.157015108e-02 -7.735186320e-02 -6.029670342e-02 -4.084790280e-02 -1.968619071e-02  2.315458060e-03  2.416664981e-02
 4.485447796e-02  6.344291869e-02  7.916035451e-02  9.146084228e-02  1.000513304e-01  1.048840415e-01  1.061198786e-01  1.040744151e-01
 9.915836575e-02  9.200174645e-02  8.421259544e-02  7.682598608e-02 -1.134489354e-01 -1.136481859e-01 -1.139915868e-01 -1.143040900e-01
-1.139636306e-01 -1.123905970e-01 -1.090544700e-01 -1.034959800e-01 -9.536137968e-02 -8.444390055e-02 -7.072401641e-02 -5.440007835e-02
-3.590031281e-02 -1.586879595e-02  4.877904610e-03  2.542004972e-02  4.482098275e-02  6.221737256e-02  7.689780414e-02  8.835774669e-02
 9.632357857e-02  1.007449468e-01  1.017607123e-01  9.964704557e-02  9.475560214e-02  8.809200893e-02  8.106516160e-02  7.427078317e-02
-1.057320084e-01 -1.057794394e-01 -1.059146848e-01 -1.059271382e-01 -1.052525208e-01 -1.033714478e-01 -9.981388250e-02 -9.417925013e-02
-8.616748869e-02 -7.561533056e-02 -6.253094981e-02 -4.711930258e-02 -2.979012670e-02 -1.114298557e-02  8.073305547e-03  2.702309213e-02
 4.486035658e-02  6.080822224e-02  7.422723434e-02  8.466296782e-02  9.186663904e-02  9.578824610e-02  9.654691668e-02  9.438634135e-02
 8.973003417e-02  8.388674963e-02  7.788146573e-02  7.190445341e-02 -9.599244160e-02 -9.612228629e-02 -9.622647825e-02 -9.603740907e-02
-9.508333632e-02 -9.293073327e-02 -8.918736777e-02 -8.352332764e-02 -7.569993507e-02 -6.560218203e-02 -5.326770312e-02 -3.890687024e-02
-2.290752383e-02 -5.819062175e-03  1.168428941e-02  2.885849254e-02  4.495609409e-02  5.929359044e-02  7.130950116e-02  8.060419063e-02
 8.695679480e-02  9.031980699e-02  9.079386139e-02  8.859494961e-02  8.465968509e-02  8.007888703e-02  7.515092023e-02  7.014028118e-02
-8.493048581e-02 -8.526796991e-02 -8.544906372e-02 -8.513486678e-02 -8.395335459e-02 -8.157508735e-02 -7.769500991e-02 -7.205877466e-02
-6.449145103e-02 -5.492610354e-02 -4.342824262e-02 -3.021104755e-02 -1.563696535e-02 -2.020847881e-04  1.549673992e-02  3.080921391e-02
 4.508778162e-02  5.774353458e-02  6.829394991e-02  7.639479763e-02  8.185313191e-02  8.462502038e-02  8.479767359e-02  8.301928557e-02
 8.023733513e-02  7.689623887e-02  7.310028430e-02  6.916544253e-02 -7.351484289e-02 -7.398329168e-02 -7.419628761e-02 -7.375532192e-02
-7.236870577e-02 -6.980314790e-02 -6.583639019e-02 -6.028594664e-02 -5.303650248e-02 -4.406492517e-02 -3.346011770e-02 -2.143408163e-02
-8.321102446e-03  5.437160563e-03  1.932042331e-02  3.276976950e-02  4.523384270e-02  5.621447221e-02  6.530549460e-02  7.221649192e-02
 7.677709640e-02  7.895254658e-02  7.922715751e-02  7.835136518e-02  7.670888698e-02  7.446411052e-02  7.173810721e-02  6.884864861e-02
-6.251391130e-02 -6.290787036e-02 -6.300794520e-02 -6.238191968e-02 -6.078524072e-02 -5.805914817e-02 -5.405013507e-02 -4.863716932e-02
-4.175594084e-02 -3.341955755e-02 -2.373399739e-02 -1.290558637e-02 -1.238327051e-03  1.087994417e-02  2.300197531e-02  3.465413471e-02
 4.537396863e-02  5.474578100e-02  6.243610886e-02  6.821270345e-02  7.190779123e-02  7.392275019e-02  7.483162554e-02  7.483317351e-02
 7.410334051e-02  7.279270533e-02  7.102660160e-02  6.909642514e-02 -5.235929341e-02 -5.246059323e-02 -5.228100994e-02 -5.138938205e-02
-4.956712329e-02 -4.670054710e-02 -4.268718570e-02 -3.745420853e-02 -3.097739332e-02 -2.329708097e-02 -1.452944737e-02 -4.870816332e-03
 5.406467252e-03  1.596659561e-02  2.642969959e-02  3.639906367e-02  4.549246157e-02  5.335911863e-02  5.973432121e-02  6.450706918e-02
 6.792863918e-02  7.030321186e-02  7.174229651e-02  7.238347239e-02  7.236532935e-02  7.182030144e-02  7.087341387e-02  6.977638681e-02
-4.318080028e-02 -4.286375229e-02 -4.226373010e-02 -4.101988456e-02 -3.897039152e-02 -3.598499965e-02 -3.200067981e-02 -2.698071855e-02
-2.093035070e-02 -1.390826042e-02 -6.034300674e-03  2.508493087e-03  1.147963503e-02  2.059407162e-02  2.953215938e-02  3.796218966e-02
 4.558812136e-02  5.207663899e-02  5.746923204e-02  6.192090314e-02  6.539775690e-02  6.798659563e-02  6.977968072e-02  7.087981227e-02
 7.139736700e-02  7.144893984e-02  7.116049931e-02  7.074327174e-02 -3.495650466e-02 -3.415849052e-02 -3.309618813e-02 -3.145708131e-02
-2.915714740e-02 -2.607541847e-02 -2.215005477e-02 -1.736743289e-02 -1.175306868e-02 -5.375754436e-03  1.646555832e-03  9.145023928e-03
 1.690788309e-02  2.470716911e-02  3.227560967e-02  3.930555053e-02  4.571572999e-02  5.146206112e-02  5.643835342e-02  6.063870636e-02
 6.406647758e-02  6.676099319e-02  6.878070615e-02  7.019790517e-02  7.109642410e-02  7.157280388e-02  7.174247677e-02  7.179049256e-02
-2.760394392e-02 -2.632482303e-02 -2.482401919e-02 -2.279989089e-02 -2.022308556e-02 -1.705028525e-02 -1.321377430e-02 -8.685122085e-03
-3.506792563e-03  2.250581598e-03  8.477513637e-03  1.501679623e-02  2.166167509e-02  2.828793576e-02  3.477433997e-02  4.092770964e-02
 4.663151671e-02  5.180837089e-02  5.639549024e-02  6.036472072e-02  6.370994445e-02  6.644673765e-02  6.860712653e-02  7.023582639e-02
 7.138847635e-02  7.213236831e-02  7.254993952e-02  7.282339014e-02 -2.103971047e-02 -1.929568405e-02 -1.738654757e-02 -1.504183818e-02
-1.224716592e-02 -8.978459012e-03 -5.210903586e-03 -9.398036172e-04  3.807131676e-03  8.974228502e-03  1.447791775e-02  2.020867608e-02
 2.604123561e-02  3.186212691e-02  3.756025932e-02  4.301868815e-02  4.814298398e-02  5.286148168e-02  5.712096139e-02  6.088842949e-02
 6.414803764e-02  6.689886324e-02  6.915157376e-02  7.092564956e-02  7.224741783e-02  7.314923308e-02  7.367009227e-02  7.400669495e-02
-1.518798479e-02 -1.297762818e-02 -1.067267175e-02 -8.044260392e-03 -5.082777314e-03 -1.771362535e-03  1.903871262e-03  5.943490610e-03
 1.032822792e-02  1.501810568e-02  1.995332305e-02  2.505741787e-02  3.024385492e-02  3.542502696e-02  4.051418280e-02  4.542724073e-02
 5.009063188e-02  5.444405178e-02  5.844042870e-02  6.204577230e-02  6.523755442e-02  6.800252449e-02  7.033394078e-02  7.222880667e-02
 7.368505211e-02  7.469924881e-02  7.526479523e-02  7.559997991e-02 -9.941791052e-03 -7.239909478e-03 -4.534918960e-03 -1.647493991e-03
 1.445700686e-03  4.768996857e-03  8.340668777e-03  1.216717589e-02  1.623966056e-02  2.053313554e-02  2.500749208e-02  2.961011154e-02
 3.428003956e-02  3.895261047e-02  4.356256116e-02  4.804692772e-02  5.234850615e-02  5.641783639e-02  6.021387320e-02  6.370360900e-02
 6.686059815e-02  6.966299504e-02  7.209070922e-02  7.412205569e-02  7.573009433e-02  7.687838808e-02  7.751663743e-02  7.788140939e-02
-5.044681977e-03 -1.864696007e-03  1.216470065e-03  4.324489092e-03  7.508779069e-03  1.081158499e-02  1.426426861e-02  1.788474339e-02
 2.167634892e-02  2.562812449e-02  2.971616232e-02  3.390599166e-02  3.815558936e-02  4.241852154e-02  4.664682233e-02  5.079333743e-02
 5.481392474e-02  5.866890920e-02  6.232343759e-02  6.574709505e-02  6.891249091e-02  7.179319907e-02  7.436049518e-02  7.657949712e-02
 7.840438455e-02  7.977277946e-02  8.059941544e-02  8.112417255e-02 -1.798756839e-04  3.407007165e-03  6.793709148e-03  1.005254625e-02
 1.326654104e-02  1.650181332e-02  1.980701372e-02  2.321379770e-02  2.673789822e-02  3.038077446e-02  3.413172863e-02  3.797029918e-02
 4.186888506e-02  4.579530040e-02  4.971511966e-02  5.359379405e-02  5.739811081e-02  6.109721303e-02  6.466290699e-02  6.806920517e-02
 7.129093651e-02  7.430143248e-02  7.706917959e-02  7.955335334e-02  8.169767922e-02  8.342304656e-02  8.461898452e-02  8.550546400e-02
 4.991758121e-03  8.846747960e-03  1.241079021e-02  1.570821361e-02  1.886057368e-02  2.195970572e-02  2.507180761e-02  2.824139492e-02
 3.149483457e-02  3.484354432e-02  3.828687531e-02  4.181479184e-02  4.541051984e-02  4.905280507e-02  5.271789184e-02  5.638136390e-02
 6.001934511e-02  6.360928528e-02  6.713034239e-02  7.056280778e-02  7.388689546e-02  7.708073392e-02  8.011685782e-02  8.295732086e-02
 8.554655652e-02  8.780198946e-02  8.960102918e-02  9.111148508e-02  1.083009921e-02  1.472457256e-02  1.826392708e-02  2.143704592e-02
 2.440278026e-02  2.727432799e-02  3.013087649e-02  3.302562737e-02  3.599170796e-02  3.904679876e-02  4.219677856e-02  4.543867463e-02
 4.876329496e-02  5.215738351e-02  5.560541734e-02  5.909123357e-02  6.259899302e-02  6.611414621e-02  6.962363436e-02  7.311568500e-02
 7.657913667e-02  8.000183288e-02  8.336769741e-02  8.665211617e-02  8.981508895e-02  9.278952715e-02  9.546385993e-02  9.791254190e-02
 1.771053978e-02  2.128394611e-02  2.450056094e-02  2.733586963e-02  2.996102876e-02  3.249588104e-02  3.502248883e-02  3.759524920e-02
 4.024827407e-02  4.300077158e-02  4.586109599e-02  4.882994141e-02  5.190271392e-02  5.507155448e-02  5.832704699e-02  6.165951371e-02
 6.506009955e-02  6.852159096e-02  7.203890735e-02  7.560943944e-02  7.923294238e-02  8.291098885e-02  8.664561180e-02  9.043658948e-02
 9.427604040e-02  9.813839259e-02  1.019640603e-01  1.056863753e-01  2.571510020e-02  2.858354817e-02  3.115694309e-02  3.342309587e-02
 3.554367331e-02  3.762791002e-02  3.974782353e-02  4.194946183e-02  4.426081716e-02  4.669731558e-02  4.926572485e-02  5.196695578e-02
 5.479824430e-02  5.775486996e-02  6.083155818e-02  6.402353596e-02  6.732763154e-02  7.074318588e-02  7.427267311e-02  7.792260674e-02
 8.170439533e-02  8.563527660e-02  8.973938884e-02  9.404884954e-02  9.860263816e-02  1.034413734e-01  1.085950278e-01  1.138183162e-01
 3.474819819e-02  3.653507022e-02  3.815236913e-02  3.962799388e-02  4.109225657e-02  4.262403307e-02  4.427055477e-02  4.605913676e-02
 4.800433866e-02  5.011261512e-02  5.238528204e-02  5.482055604e-02  5.741515330e-02  6.016546757e-02  6.306857159e-02  6.612325554e-02
 6.933065797e-02  7.269533651e-02  7.622621504e-02  7.993757903e-02  8.385082869e-02  8.799715721e-02  9.242142819e-02  9.718890110e-02
 1.023931464e-01  1.081597322e-01  1.146276319e-01  1.213587356e-01  4.460440338e-02  4.492369788e-02  4.528530025e-02  4.578698535e-02
 4.648131736e-02  4.739033815e-02  4.852067577e-02  4.987114789e-02  5.143674953e-02  5.321089461e-02  5.518654653e-02  5.735708157e-02
 5.971692559e-02  6.226205413e-02  6.499064263e-02  6.790354476e-02  7.100499853e-02  7.430327277e-02  7.781175402e-02  8.155010953e-02
 8.554583105e-02  8.983754651e-02  9.448134856e-02  9.956338547e-02  1.052256184e-01  1.117051047e-01  1.192954946e-01  1.273669598e-01
 5.463221748e-02  5.325600297e-02  5.219655615e-02  5.164170515e-02  5.152650373e-02  5.179538104e-02  5.240371992e-02  5.331628758e-02
 5.450549441e-02  5.594982462e-02  5.763268831e-02  5.954167928e-02  6.166806945e-02  6.400657918e-02  6.655540343e-02  6.931653609e-02
 7.229600144e-02  7.550446486e-02  7.895790177e-02  8.267836162e-02  8.669481715e-02  9.104425624e-02  9.577457905e-02  1.009540271e-01
 1.067155473e-01  1.134842452e-01  1.221926728e-01  1.319851217e-01  6.386739970e-02  6.083543103e-02  5.841255520e-02  5.687413251e-02
 5.601248512e-02  5.569139830e-02  5.581664019e-02  5.632105576e-02  5.715616979e-02  5.828696194e-02  5.968824693e-02  6.134224238e-02
 6.323718769e-02  6.536639109e-02  6.772768798e-02  7.032338771e-02  7.316044916e-02  7.625077399e-02  7.961173675e-02  8.326640096e-02
 8.724324493e-02  9.157366089e-02  9.628255407e-02  1.013557081e-01  1.066295676e-01  1.146143842e-01  1.236007903e-01  1.308580625e-01
 7.086421711e-02  6.677130801e-02  6.343464789e-02  6.117768148e-02  5.974024242e-02  5.894517842e-02  5.866835293e-02  5.882161528e-02
 5.934246510e-02  6.018689138e-02  6.132409152e-02  6.273295175e-02  6.439969556e-02  6.631654836e-02  6.848105010e-02  7.089555399e-02
 7.356717209e-02  7.650832592e-02  7.973710005e-02  8.327781861e-02  8.716208679e-02  9.142970254e-02  9.613001831e-02  1.013283744e-01
 1.071640004e-01  1.140482571e-01  1.214598123e-01  1.286047820e-01  7.524622125e-02  7.074924499e-02  6.701584055e-02  6.437314952e-02
 6.258401446e-02  6.147017092e-02  6.089983573e-02  6.077721817e-02  6.103503375e-02  6.162718203e-02  6.252191813e-02  6.369749201e-02
 6.513990328e-02  6.684130302e-02  6.879911271e-02  7.101557757e-02  7.349746846e-02  7.625675180e-02  7.931112511e-02  8.268473850e-02
 8.641049571e-02  9.053464950e-02  9.512163202e-02  1.002312039e-01  1.059624377e-01  1.120938765e-01  1.184517964e-01  1.248668586e-01
 7.742473297e-02  7.292414312e-02  6.915727716e-02  6.642690974e-02  6.450996952e-02  6.324206549e-02  6.249669564e-02  6.217949922e-02
 6.222785470e-02  6.260261742e-02  6.327667418e-02  6.423078608e-02  6.545242798e-02  6.693475602e-02  6.867582086e-02  7.067761731e-02
 7.294571806e-02  7.549054826e-02  7.832820372e-02  8.147932618e-02  8.497111470e-02  8.884870154e-02  9.322467623e-02  9.809383617e-02
 1.035760443e-01  1.092073223e-01  1.150207858e-01  1.211516638e-01  7.731772656e-02  7.332840080e-02  6.994012551e-02  6.740163194e-02
 6.556194365e-02  6.429780958e-02  6.349439222e-02  6.305767678e-02  6.294036262e-02  6.312583094e-02  6.359731734e-02  6.433942876e-02
 6.534212307e-02  6.660082281e-02  6.811508750e-02  6.988705234e-02  7.191934991e-02  7.421961505e-02  7.680327042e-02  7.968475097e-02
 8.286895213e-02  8.633588365e-02  9.049713973e-02  9.541159514e-02  1.003796080e-01  1.054414759e-01  1.110173095e-01  1.167715245e-01
 7.529292668e-02  7.229845467e-02  6.962851877e-02  6.746465864e-02  6.585118073e-02  6.473301143e-02  6.398867351e-02  6.348716752e-02
 6.321725342e-02  6.322705921e-02  6.350853667e-02  6.404464990e-02  6.482711385e-02  6.585535486e-02  6.713258132e-02  6.866398008e-02
 7.044268600e-02  7.246944484e-02  7.477164755e-02  7.736951877e-02  8.027087938e-02  8.364719129e-02  8.751816563e-02  9.162706559e-02
 9.600391843e-02  1.008074016e-01  1.061126380e-01  1.115987097e-01 
psi values [Wb/rad] 
-3.972073235e-01 -3.925799026e-01 -3.878597231e-01 -3.830464249e-01 -3.781271791e-01 -3.730852064e-01 -3.679053225e-01 -3.625779282e-01
-3.570982702e-01 -3.514532782e-01 -3.456272930e-01 -3.396037072e-01 -3.333672360e-01 -3.269011006e-01 -3.201835826e-01 -3.131900802e-01
-3.058931753e-01 -2.982639074e-01 -2.902699783e-01 -2.818747684e-01 -2.730404213e-01 -2.637265474e-01 -2.538385093e-01 -2.433323264e-01
-2.321891636e-01 -2.203493565e-01 -2.077396363e-01 -1.942662150e-01 -3.970652646e-01 -3.923798426e-01 -3.876407491e-01 -3.828245839e-01
-3.779101530e-01 -3.728774656e-01 -3.677085489e-01 -3.623880316e-01 -3.569020368e-01 -3.512350470e-01 -3.453700878e-01 -3.392891735e-01
-3.329735845e-01 -3.264029995e-01 -3.195544407e-01 -3.124023154e-01 -3.049184680e-01 -2.970722318e-01 -2.888300642e-01 -2.801555172e-01
-2.710103840e-01 -2.613567710e-01 -2.511650920e-01 -2.402634770e-01 -2.285980582e-01 -2.162241340e-01 -2.030645758e-01 -1.890252233e-01
-3.967337871e-01 -3.920442302e-01 -3.873236836e-01 -3.825379424e-01 -3.776589371e-01 -3.726623598e-01 -3.675266914e-01 -3.622325491e-01
-3.567616977e-01 -3.510958068e-01 -3.452159055e-01 -3.391022012e-01 -3.327338547e-01 -3.260885179e-01 -3.191418201e-01 -3.118671104e-01
-3.042352721e-01 -2.962145060e-01 -2.877700478e-01 -2.788638845e-01 -2.694544643e-01 -2.594957650e-01 -2.489335388e-01 -2.376911640e-01
-2.257222086e-01 -2.129153311e-01 -1.993273795e-01 -1.848439574e-01 -3.961619777e-01 -3.915412953e-01 -3.868931262e-01 -3.821811806e-01
-3.773742914e-01 -3.724454679e-01 -3.673707806e-01 -3.621283807e-01 -3.566975705e-01 -3.510579839e-01 -3.451889828e-01 -3.390692770e-01
-3.326765783e-01 -3.259872273e-01 -3.189758137e-01 -3.116148636e-01 -3.038745597e-01 -2.957223654e-01 -2.871226445e-01 -2.780361623e-01
-2.684193701e-01 -2.582233399e-01 -2.473923415e-01 -2.358631790e-01 -2.235748768e-01 -2.104636133e-01 -1.965312958e-01 -1.816940159e-01
-3.953568926e-01 -3.908691518e-01 -3.863502191e-01 -3.817598298e-01 -3.770654090e-01 -3.722391762e-01 -3.672563955e-01 -3.620942086e-01
-3.567307666e-01 -3.511445560e-01 -3.453138731e-01 -3.392164446e-01 -3.328290656e-01 -3.261272982e-01 -3.190851435e-01 -3.116747141e-01
-3.038658947e-01 -2.956259921e-01 -2.869191840e-01 -2.777059376e-01 -2.679421455e-01 -2.575780153e-01 -2.465570122e-01 -2.348154932e-01
-2.222867608e-01 -2.089161426e-01 -1.947460622e-01 -1.796170920e-01 -3.943103371e-01 -3.900390756e-01 -3.857115665e-01 -3.812920097e-01
-3.767510299e-01 -3.720628563e-01 -3.672038186e-01 -3.621514346e-01 -3.568837717e-01 -3.513789698e-01 -3.456148729e-01 -3.395687155e-01
-3.332168721e-01 -3.265345767e-01 -3.194956705e-01 -3.120723143e-01 -3.042346761e-01 -2.959505096e-01 -2.871846929e-01 -2.778985351e-01
-2.680488378e-01 -2.575865388e-01 -2.464544177e-01 -2.345826477e-01 -2.218771726e-01 -2.081825584e-01 -1.940398365e-01 -1.787895560e-01
-3.930766353e-01 -3.890965399e-01 -3.850149000e-01 -3.808097839e-01 -3.764594346e-01 -3.719424792e-01 -3.672377877e-01 -3.623242732e-01
-3.571806699e-01 -3.517853655e-01 -3.461162113e-01 -3.401503786e-01 -3.338641785e-01 -3.272329047e-01 -3.202306479e-01 -3.128300607e-01
-3.050021082e-01 -2.967157215e-01 -2.879373580e-01 -2.786304653e-01 -2.687546611e-01 -2.582646906e-01 -2.471089810e-01 -2.352278829e-01
-2.225526571e-01 -2.090118378e-01 -1.945701092e-01 -1.793204546e-01 -3.917770351e-01 -3.881192361e-01 -3.843157887e-01 -3.803562233e-01
-3.762261868e-01 -3.719089963e-01 -3.673864342e-01 -3.626391497e-01 -3.576468676e-01 -3.523884974e-01 -3.468421549e-01 -3.409851864e-01
-3.347941004e-01 -3.282445297e-01 -3.213111237e-01 -3.139673918e-01 -3.061855659e-01 -2.979363352e-01 -2.891885489e-01 -2.799088359e-01
-2.700610906e-01 -2.596058547e-01 -2.484996021e-01 -2.366941720e-01 -2.241367847e-01 -2.107716352e-01 -1.965416074e-01 -1.813633889e-01
-3.905161768e-01 -3.871845566e-01 -3.836729452e-01 -3.799777534e-01 -3.760896940e-01 -3.719955999e-01 -3.676795661e-01 -3.631236833e-01
-3.583085313e-01 -3.532134928e-01 -3.478169739e-01 -3.420965485e-01 -3.360290304e-01 -3.295905367e-01 -3.227564618e-01 -3.155014440e-01
-3.077993020e-01 -2.996229008e-01 -2.909440249e-01 -2.817331702e-01 -2.719593644e-01 -2.615898848e-01 -2.505900562e-01 -2.389230728e-01
-2.265496999e-01 -2.134274095e-01 -1.995065361e-01 -1.847174317e-01 -3.893725800e-01 -3.863561605e-01 -3.831382869e-01 -3.797175456e-01
-3.760868870e-01 -3.722348921e-01 -3.681468423e-01 -3.638055399e-01 -3.591919355e-01 -3.542855680e-01 -3.490649313e-01 -3.435077146e-01
-3.375909962e-01 -3.312913775e-01 -3.245850652e-01 -3.174479455e-01 -3.098555803e-01 -3.017832339e-01 -2.932058722e-01 -2.840981856e-01
-2.744346187e-01 -2.641895264e-01 -2.533373386e-01 -2.418529242e-01 -2.297118157e-01 -2.168903053e-01 -2.033643723e-01 -1.891074628e-01
-3.883926906e-01 -3.856788510e-01 -3.827521671e-01 -3.796115741e-01 -3.762502167e-01 -3.726567309e-01 -3.688163012e-01 -3.647114970e-01
-3.603229374e-01 -3.556298204e-01 -3.506103456e-01 -3.452420607e-01 -3.395021185e-01 -3.333674967e-01 -3.268151656e-01 -3.198222145e-01
-3.123659715e-01 -3.044241071e-01 -2.959747538e-01 -2.869967148e-01 -2.774697244e-01 -2.673749030e-01 -2.566953897e-01 -2.454172969e-01
-2.335310131e-01 -2.210329622e-01 -2.079281807e-01 -1.942345053e-01 -3.876086874e-01 -3.851825092e-01 -3.825430619e-01 -3.796872050e-01
-3.766061887e-01 -3.732870277e-01 -3.697134946e-01 -3.658668958e-01 -3.617267273e-01 -3.572712168e-01 -3.524777927e-01 -3.473234698e-01
-3.417851925e-01 -3.358400948e-01 -3.294657394e-01 -3.226403072e-01 -3.153427467e-01 -3.075529709e-01 -2.992520630e-01 -2.904225662e-01
-2.810489088e-01 -2.711180896e-01 -2.606206536e-01 -2.495521903e-01 -2.379154712e-01 -2.257236093e-01 -2.130047828e-01 -1.998095661e-01
-3.870325233e-01 -3.848807132e-01 -3.825270999e-01 -3.799627963e-01 -3.771749511e-01 -3.741473891e-01 -3.708612435e-01 -3.672955707e-01
-3.634279203e-01 -3.592348732e-01 -3.546925150e-01 -3.497768864e-01 -3.444643505e-01 -3.387319148e-01 -3.325574882e-01 -3.259201273e-01
-3.188002184e-01 -3.111796454e-01 -3.030420616e-01 -2.943731695e-01 -2.851612121e-01 -2.753977031e-01 -2.650785893e-01 -2.542059422e-01
-2.427905500e-01 -2.308556736e-01 -2.184425592e-01 -2.056182325e-01 -3.866465306e-01 -3.847694928e-01 -3.827086296e-01 -3.804484159e-01
-3.779708426e-01 -3.752555195e-01 -3.722799961e-01 -3.690202069e-01 -3.654509764e-01 -3.615465388e-01 -3.572810516e-01 -3.526290506e-01
-3.475659080e-01 -3.420681506e-01 -3.361137882e-01 -3.296825215e-01 -3.227559328e-01 -3.153176382e-01 -3.073534444e-01 -2.988516018e-01
-2.898031697e-01 -2.802026346e-01 -2.700489685e-01 -2.593472004e-01 -2.481108904e-01 -2.363658994e-01 -2.241556793e-01 -2.115489990e-01
-3.864240367e-01 -3.848356167e-01 -3.830842823e-01 -3.811481548e-01 -3.790038507e-01 -3.766262475e-01 -3.739886340e-01 -3.710630853e-01
-3.678209595e-01 -3.642334342e-01 -3.602720797e-01 -3.559093960e-01 -3.511192761e-01 -3.458774351e-01 -3.401616998e-01 -3.339522332e-01
-3.272316754e-01 -3.199851662e-01 -3.122004196e-01 -3.038677499e-01 -2.949801981e-01 -2.855338603e-01 -2.755285054e-01 -2.649687231e-01
-2.538657635e-01 -2.422405183e-01 -2.301281542e-01 -2.175851613e-01 -3.863359415e-01 -3.850622987e-01 -3.836468384e-01 -3.820626708e-01
-3.802813701e-01 -3.782728435e-01 -3.760055825e-01 -3.734471090e-01 -3.705645446e-01 -3.673252575e-01 -3.636975195e-01 -3.596511595e-01
-3.551581129e-01 -3.501929082e-01 -3.447329700e-01 -3.387588263e-01 -3.322541490e-01 -3.252056688e-01 -3.176029921e-01 -3.094383776e-01
-3.007064462e-01 -2.914040759e-01 -2.815303355e-01 -2.710867599e-01 -2.600781471e-01 -2.485140115e-01 -2.364115119e-01 -2.238003910e-01
-3.863583021e-01 -3.854336673e-01 -3.843880501e-01 -3.831911525e-01 -3.818097012e-01 -3.802082883e-01 -3.783499794e-01 -3.761969544e-01
-3.737112321e-01 -3.708554804e-01 -3.675938435e-01 -3.638927564e-01 -3.597216457e-01 -3.550534770e-01 -3.498651199e-01 -3.441375121e-01
-3.378555737e-01 -3.310079724e-01 -3.235866278e-01 -3.155861348e-01 -3.070030361e-01 -2.978350222e-01 -2.880801037e-01 -2.777357548e-01
-2.667981535e-01 -2.552615255e-01 -2.431178689e-01 -2.303576022e-01 -3.864781437e-01 -3.859357662e-01 -3.852992454e-01 -3.845320931e-01
-3.835949693e-01 -3.824462797e-01 -3.810427813e-01 -3.793403190e-01 -3.772947304e-01 -3.748628739e-01 -3.720037267e-01 -3.686794490e-01
-3.648562990e-01 -3.605053164e-01 -3.556027338e-01 -3.501300998e-01 -3.440741152e-01 -3.374261223e-01 -3.301813081e-01 -3.223377094e-01
-3.138949350e-01 -3.048527017e-01 -2.952091545e-01 -2.849588171e-01 -2.740901113e-01 -2.625822425e-01 -2.504011691e-01 -2.374943793e-01
-3.866629102e-01 -3.865475827e-01 -3.863688698e-01 -3.860829384e-01 -3.856435176e-01 -3.850019928e-01 -3.841077993e-01 -3.829092262e-01
-3.813545415e-01 -3.793933466e-01 -3.769780733e-01 -3.740654569e-01 -3.706177976e-01 -3.666038122e-01 -3.619990610e-01 -3.567861579e-01
-3.509544432e-01 -3.444991782e-01 -3.374203853e-01 -3.297213763e-01 -3.214069381e-01 -3.124812543e-01 -3.029454425e-01 -2.927944809e-01
-2.820133641e-01 -2.705718577e-01 -2.584169954e-01 -2.454621941e-01 -3.868745593e-01 -3.872445384e-01 -3.875835622e-01 -3.878406016e-01
-3.879623697e-01 -3.878927110e-01 -3.875726410e-01 -3.869413710e-01 -3.859377666e-01 -3.845021846e-01 -3.825785769e-01 -3.801166741e-01
-3.770738356e-01 -3.734160643e-01 -3.691182137e-01 -3.641646244e-01 -3.585486263e-01 -3.522712067e-01 -3.453394659e-01 -3.377645947e-01
-3.295595869e-01 -3.207365796e-01 -3.113038689e-01 -3.012622967e-01 -2.906007022e-01 -2.792896703e-01 -2.672725320e-01 -2.544513047e-01
-3.870759192e-01 -3.880022992e-01 -3.889299827e-01 -3.898021469e-01 -3.905594326e-01 -3.911381403e-01 -3.914694506e-01 -3.914814841e-01
-3.911012082e-01 -3.902568889e-01 -3.888811236e-01 -3.869142467e-01 -3.843075512e-01 -3.810243532e-01 -3.770381585e-01 -3.723360673e-01
-3.669175301e-01 -3.607916757e-01 -3.539756984e-01 -3.464920484e-01 -3.383656628e-01 -3.296208903e-01 -3.202782273e-01 -3.103506938e-01
-2.998395264e-01 -2.887286767e-01 -2.769772112e-01 -2.645082921e-01 -3.872352690e-01 -3.887999803e-01 -3.903961405e-01 -3.919645952e-01
-3.934425263e-01 -3.947597281e-01 -3.958347293e-01 -3.965819248e-01 -3.969130348e-01 -3.967401334e-01 -3.959799036e-01 -3.945590826e-01
-3.924216929e-01 -3.895310182e-01 -3.858550261e-01 -3.813857595e-01 -3.761329558e-01 -3.701164350e-01 -3.633676618e-01 -3.559244238e-01
-3.478279598e-01 -3.391194344e-01 -3.298365846e-01 -3.200105131e-01 -3.096624240e-01 -2.988000587e-01 -2.874134481e-01 -2.754701078e-01
-3.873324837e-01 -3.896234056e-01 -3.919716117e-01 -3.943226074e-01 -3.966100456e-01 -3.987536491e-01 -4.006633190e-01 -4.022405576e-01
-4.033810273e-01 -4.039785089e-01 -4.039301742e-01 -4.031428676e-01 -4.015396992e-01 -3.990651611e-01 -3.956888192e-01 -3.914170782e-01
-3.862807797e-01 -3.803091263e-01 -3.735557385e-01 -3.660779130e-01 -3.579382449e-01 -3.491994366e-01 -3.399208523e-01 -3.301560953e-01
-3.199511915e-01 -3.093432784e-01 -2.983598635e-01 -2.870189101e-01 -3.873684788e-01 -3.904685038e-01 -3.936457384e-01 -3.968549164e-01
-4.000263140e-01 -4.030760396e-01 -4.059056463e-01 -4.084035708e-01 -4.104482438e-01 -4.119129162e-01 -4.126720671e-01 -4.126089867e-01
-4.116239119e-01 -4.096417315e-01 -4.066188466e-01 -4.025493367e-01 -3.974658181e-01 -3.914419841e-01 -3.845827412e-01 -3.769638669e-01
-3.686767761e-01 -3.598105237e-01 -3.504493348e-01 -3.406716660e-01 -3.305499516e-01 -3.201515153e-01 -3.095408976e-01 -2.987839058e-01
-3.873749329e-01 -3.913433645e-01 -3.954063514e-01 -3.995276573e-01 -4.036419969e-01 -4.076636275e-01 -4.114863332e-01 -4.149851557e-01
-4.180200305e-01 -4.204414897e-01 -4.220983051e-01 -4.228467513e-01 -4.225607608e-01 -4.211420286e-01 -4.185290728e-01 -4.147042818e-01
-4.096975103e-01 -4.035867453e-01 -3.964947965e-01 -3.885873500e-01 -3.800107474e-01 -3.708848599e-01 -3.613198400e-01 -3.514190651e-01
-3.412797563e-01 -3.309958465e-01 -3.206629902e-01 -3.103856519e-01 -3.874071566e-01 -3.922624295e-01 -3.972343099e-01 -4.022966288e-01
-4.073905488e-01 -4.124294445e-01 -4.172995631e-01 -4.218620975e-01 -4.259572811e-01 -4.294108972e-01 -4.320432357e-01 -4.336801916e-01
-4.341657199e-01 -4.333745390e-01 -4.312236756e-01 -4.276815206e-01 -4.227730874e-01 -4.165809564e-01 -4.092416931e-01 -4.009384681e-01
-3.918891266e-01 -3.823352372e-01 -3.724110629e-01 -3.622436617e-01 -3.519506194e-01 -3.416450620e-01 -3.314435035e-01 -3.214767277e-01
-3.875218155e-01 -3.932342446e-01 -3.991008848e-01 -4.051023824e-01 -4.111847803e-01 -4.172599670e-01 -4.232062940e-01 -4.288705736e-01
-4.340723529e-01 -4.386110567e-01 -4.422761947e-01 -4.448603839e-01 -4.461742789e-01 -4.460621290e-01 -4.444162063e-01 -4.411883056e-01
-4.363967665e-01 -4.301280752e-01 -4.225328956e-01 -4.138172138e-01 -4.042300051e-01 -3.940506588e-01 -3.835805319e-01 -3.729764130e-01
-3.623690382e-01 -3.518791683e-01 -3.416285180e-01 -3.317516372e-01 -3.877349040e-01 -3.942418073e-01 -4.009568803e-01 -4.078653362e-01
-4.149149116e-01 -4.220146555e-01 -4.290344864e-01 -4.358065352e-01 -4.421291910e-01 -4.477746524e-01 -4.525002390e-01 -4.560632929e-01
-4.582387283e-01 -4.588376209e-01 -4.577248171e-01 -4.548332170e-01 -4.501727782e-01 -4.438329823e-01 -4.359784722e-01 -4.268386513e-01
-4.166931026e-01 -4.058552161e-01 -3.946560728e-01 -3.834301177e-01 -3.723402470e-01 -3.614994176e-01 -3.510173634e-01 -3.410102054e-01
-3.880132055e-01 -3.952340065e-01 -4.027292700e-01 -4.104856420e-01 -4.184505921e-01 -4.265294969e-01 -4.345837682e-01 -4.424311705e-01
-4.498493373e-01 -4.565834627e-01 -4.623585492e-01 -4.668961018e-01 -4.699342400e-01 -4.712495059e-01 -4.706777111e-01 -4.681312889e-01
-4.636104330e-01 -4.572065696e-01 -4.490975998e-01 -4.395357966e-01 -4.288305230e-01 -4.173283391e-01 -4.053931292e-01 -3.933881438e-01
-3.816628940e-01 -3.703252356e-01 -3.594590686e-01 -3.491462432e-01 -3.882928905e-01 -3.961382208e-01 -4.043284440e-01 -4.128496051e-01
-4.216480218e-01 -4.306253903e-01 -4.396353215e-01 -4.484824017e-01 -4.569250122e-01 -4.646829590e-01 -4.714504331e-01 -4.769143686e-01
-4.807770029e-01 -4.827807620e-01 -4.827324301e-01 -4.805235192e-01 -4.761437252e-01 -4.696853757e-01 -4.613383487e-01 -4.513763525e-01
-4.401368834e-01 -4.279981256e-01 -4.153559878e-01 -4.026043583e-01 -3.901215431e-01 -3.781820955e-01 -3.668313380e-01 -3.561052345e-01
-3.884944282e-01 -3.968723805e-01 -4.056593115e-01 -4.148404300e-01 -4.243613072e-01 -4.341209643e-01 -4.439667650e-01 -4.536922760e-01
-4.630393162e-01 -4.717053995e-01 -4.793573096e-01 -4.856508002e-01 -4.902554080e-01 -4.928820953e-01 -4.933105856e-01 -4.914125726e-01
-4.871672988e-01 -4.806671366e-01 -4.721121863e-01 -4.617950320e-01 -4.500782080e-01 -4.373680018e-01 -4.240883030e-01 -4.106575996e-01
-3.974708617e-01 -3.848863272e-01 -3.730195612e-01 -3.618516438e-01 -3.885421115e-01 -3.973608711e-01 -4.066352258e-01 -4.163515344e-01
-4.264564812e-01 -4.368483499e-01 -4.473706223e-01 -4.578088373e-01 -4.678920209e-01 -4.772999883e-01 -4.856773019e-01 -4.926541299e-01
-4.978728667e-01 -5.010181144e-01 -5.018466413e-01 -5.002130643e-01 -4.960873276e-01 -4.895612076e-01 -4.808427542e-01 -4.702397957e-01
-4.581352919e-01 -4.449585564e-01 -4.311564453e-01 -4.171679094e-01 -4.034042172e-01 -3.902361023e-01 -3.779041963e-01 -3.663464151e-01
-3.883850574e-01 -3.975514835e-01 -4.071923122e-01 -4.173001163e-01 -4.278258681e-01 -4.386696927e-01 -4.496739917e-01 -4.606198221e-01
-4.712280333e-01 -4.811664671e-01 -4.900642857e-01 -4.975336194e-01 -5.031974465e-01 -5.067213401e-01 -5.078453049e-01 -5.064112619e-01
-5.023819804e-01 -4.958483279e-01 -4.870236292e-01 -4.762262776e-01 -4.638536572e-01 -4.503514729e-01 -4.361830354e-01 -4.218020253e-01
-4.076309958e-01 -3.940459781e-01 -3.813654454e-01 -3.695272133e-01 -3.880238608e-01 -3.974309019e-01 -4.073010208e-01 -4.176380336e-01
-4.284000918e-01 -4.394914992e-01 -4.507562332e-01 -4.619745389e-01 -4.728640765e-01 -4.830872342e-01 -4.922657013e-01 -5.000025034e-01
-5.059106499e-01 -5.096457154e-01 -5.109387189e-01 -5.096246079e-01 -5.056619421e-01 -4.991406202e-01 -4.902762398e-01 -4.793923423e-01
-4.668935761e-01 -4.532341585e-01 -4.388862215e-01 -4.243118688e-01 -4.099414684e-01 -3.961592342e-01 -3.832966406e-01 -3.713287748e-01
-3.875144240e-01 -3.970276206e-01 -4.069696749e-01 -4.173567891e-01 -4.281551130e-01 -4.392742217e-01 -4.505616575e-01 -4.618001431e-01
-4.727091268e-01 -4.829522744e-01 -4.921521842e-01 -4.999124706e-01 -5.058464110e-01 -5.096095800e-01 -5.109326765e-01 -5.096500963e-01
-5.057196692e-01 -4.992304295e-01 -4.903971478e-01 -4.795426130e-01 -4.670709521e-01 -4.534361735e-01 -4.391106404e-01 -4.245572835e-01
-4.102080707e-01 -3.964498937e-01 -3.836179404e-01 -3.716989979e-01 -3.869433054e-01 -3.963999909e-01 -4.062387208e-01 -4.164855294e-01
-4.271129444e-01 -4.380353615e-01 -4.491048828e-01 -4.601093903e-01 -4.707746431e-01 -4.807720408e-01 -4.897332862e-01 -4.972721189e-01
-5.030122697e-01 -5.066192225e-01 -5.078320503e-01 -5.064910501e-01 -5.025568232e-01 -4.961177483e-01 -4.873846620e-01 -4.766737670e-01
-4.643808231e-01 -4.509508200e-01 -4.368475229e-01 -4.225266892e-01 -4.084152095e-01 -3.948969728e-01 -3.823038870e-01 -3.706061356e-01
-3.864040379e-01 -3.956194227e-01 -4.051695578e-01 -4.150836021e-01 -4.253365621e-01 -4.358458370e-01 -4.464681484e-01 -4.569984823e-01
-4.671727791e-01 -4.766759053e-01 -4.851560518e-01 -4.922456741e-01 -4.975881502e-01 -5.008678138e-01 -5.018398985e-01 -5.003563911e-01
-4.963837862e-01 -4.900099263e-01 -4.814388901e-01 -4.709749073e-01 -4.589981884e-01 -4.459364973e-01 -4.322367422e-01 -4.183400460e-01
-4.046625551e-01 -3.915827665e-01 -3.793859053e-01 -3.680337220e-01 -3.859644444e-01 -3.947511172e-01 -4.038312351e-01 -4.132301193e-01
-4.229206517e-01 -4.328207634e-01 -4.427912720e-01 -4.526356049e-01 -4.621029794e-01 -4.708964378e-01 -4.786867425e-01 -4.851321205e-01
-4.899030626e-01 -4.927099273e-01 -4.933303446e-01 -4.916325286e-01 -4.875912517e-01 -4.812937900e-01 -4.729350507e-01 -4.628028274e-01
-4.512557201e-01 -4.386973083e-01 -4.255503751e-01 -4.122344572e-01 -3.991492055e-01 -3.866652367e-01 -3.749467209e-01 -3.639963344e-01
-3.856603075e-01 -3.938438665e-01 -4.022900416e-01 -4.110135343e-01 -4.199804608e-01 -4.291067161e-01 -4.382564984e-01 -4.472425729e-01
-4.558297619e-01 -4.637428597e-01 -4.706797004e-01 -4.763294011e-01 -4.803948551e-01 -4.826174751e-01 -4.828014746e-01 -4.808342978e-01
-4.767004624e-01 -4.704864770e-01 -4.623762071e-01 -4.526376836e-01 -4.416034222e-01 -4.296475388e-01 -4.171627928e-01 -4.045405341e-01
-3.921554301e-01 -3.803274324e-01 -3.691083025e-01 -3.585488126e-01 -3.854904948e-01 -3.929236312e-01 -4.006020143e-01 -4.085227586e-01
-4.166407939e-01 -4.248678312e-01 -4.330709167e-01 -4.410728849e-01 -4.486558512e-01 -4.555687308e-01 -4.615393281e-01 -4.662907198e-01
-4.695612267e-01 -4.711260200e-01 -4.708180055e-01 -4.685452729e-01 -4.643026143e-01 -4.581753686e-01 -4.503351524e-01 -4.410281777e-01
-4.305582233e-01 -4.192667492e-01 -4.075128809e-01 -3.956558253e-01 -3.840399291e-01 -3.728109263e-01 -3.620389774e-01 -3.517958708e-01
-3.854038501e-01 -3.919891573e-01 -3.988089473e-01 -4.058411745e-01 -4.130269419e-01 -4.202729743e-01 -4.274493903e-01 -4.343899041e-01
-4.408951104e-01 -4.467394277e-01 -4.516819343e-01 -4.554808810e-01 -4.579109102e-01 -4.587815180e-01 -4.579545557e-01 -4.553587027e-01
-4.509987496e-01 -4.449584223e-01 -4.373964258e-01 -4.285363555e-01 -4.186523072e-01 -4.080521474e-01 -3.970600050e-01 -3.860005308e-01
-3.750643078e-01 -3.643489759e-01 -3.539377600e-01 -3.439073563e-01 -3.853103765e-01 -3.910174721e-01 -3.969413936e-01 -4.030453190e-01
-4.092589412e-01 -4.154856876e-01 -4.216001146e-01 -4.274479449e-01 -4.328490980e-01 -4.376039505e-01 -4.415029176e-01 -4.443389699e-01
-4.459222406e-01 -4.460953809e-01 -4.447479434e-01 -4.418280162e-01 -4.373495020e-01 -4.313940443e-01 -4.241073709e-01 -4.156905860e-01
-4.063884355e-01 -3.964766844e-01 -3.862434803e-01 -3.758736793e-01 -3.654845338e-01 -3.551742546e-01 -3.450261913e-01 -3.351135515e-01
-3.851412358e-01 -3.899941358e-01 -3.950310703e-01 -4.002082576e-01 -4.054491967e-01 -4.106573984e-01 -4.157140348e-01 -4.204781316e-01
-4.247894287e-01 -4.284740128e-01 -4.313526265e-01 -4.332513101e-01 -4.340135269e-01 -4.335126951e-01 -4.316637181e-01 -4.284321740e-01
-4.238398429e-01 -4.179658797e-01 -4.109436832e-01 -4.029523982e-01 -3.942071117e-01 -3.849570677e-01 -3.753455225e-01 -3.654971197e-01
-3.555187099e-01 -3.455007859e-01 -3.355195709e-01 -3.256390467e-01 -3.848717436e-01 -3.889273624e-01 -3.931191471e-01 -3.974025571e-01
-4.017014587e-01 -4.059232743e-01 -4.099580999e-01 -4.136793967e-01 -4.169468228e-01 -4.196112845e-01 -4.215220883e-01 -4.225358441e-01
-4.225263633e-01 -4.213946518e-01 -4.190779589e-01 -4.155570380e-01 -4.108601306e-01 -4.050634112e-01 -3.982906193e-01 -3.906996057e-01
-3.824632568e-01 -3.737000804e-01 -3.645252027e-01 -3.550435118e-01 -3.453474306e-01 -3.355161697e-01 -3.256154507e-01 -3.156972677e-01
-3.845204888e-01 -3.878494203e-01 -3.912591594e-01 -3.947007291e-01 -3.981097075e-01 -4.013998406e-01 -4.044718435e-01 -4.072142597e-01
-4.095062781e-01 -4.112222306e-01 -4.122376926e-01 -4.124368448e-01 -4.117204864e-01 -4.100137334e-01 -4.072726574e-01 -4.034908693e-01
-3.987019216e-01 -3.929751769e-01 -3.864345169e-01 -3.791560382e-01 -3.712416925e-01 -3.627898805e-01 -3.538947292e-01 -3.446436897e-01
-3.351153471e-01 -3.253775463e-01 -3.154853955e-01 -3.054783642e-01 -3.841328155e-01 -3.868064359e-01 -3.895029197e-01 -3.921716084e-01
-3.947564267e-01 -3.971837978e-01 -3.993665520e-01 -4.012083905e-01 -4.026072072e-01 -4.034589957e-01 -4.036629405e-01 -4.031275688e-01
-4.017774006e-01 -3.995586676e-01 -3.964412406e-01 -3.924298487e-01 -3.875672137e-01 -3.818847211e-01 -3.754445817e-01 -3.683134690e-01
-3.605663553e-01 -3.522804715e-01 -3.435321078e-01 -3.343940638e-01 -3.249333948e-01 -3.152091280e-01 -3.052694127e-01 -2.951472029e-01
-3.837656816e-01 -3.858514414e-01 -3.879042440e-01 -3.898756253e-01 -3.917119522e-01 -3.933520262e-01 -3.947264369e-01 -3.957529259e-01
-3.963470268e-01 -3.964244446e-01 -3.959050397e-01 -3.947180484e-01 -3.928088458e-01 -3.901457209e-01 -3.866993254e-01 -3.824649993e-01
-3.774590632e-01 -3.717086297e-01 -3.652548529e-01 -3.581476845e-01 -3.504438512e-01 -3.422039114e-01 -3.334897868e-01 -3.243626431e-01
-3.148810267e-01 -3.050988987e-01 -2.950633094e-01 -2.848111764e-01 -3.834779458e-01 -3.850374836e-01 -3.865114474e-01 -3.878559903e-01
-3.890235177e-01 -3.899613100e-01 -3.906109063e-01 -3.909081141e-01 -3.907862678e-01 -3.901790832e-01 -3.890238376e-01 -3.872648957e-01
-3.848571712e-01 -3.817681344e-01 -3.779757107e-01 -3.734720778e-01 -3.682633676e-01 -3.623670619e-01 -3.558110818e-01 -3.486316688e-01
-3.408715837e-01 -3.325782605e-01 -3.238021582e-01 -3.145954087e-01 -3.050106317e-01 -2.950998843e-01 -2.849135399e-01 -2.744989246e-01
-3.833274264e-01 -3.844158212e-01 -3.853676575e-01 -3.861459517e-01 -3.867110936e-01 -3.870196943e-01 -3.870242699e-01 -3.866737671e-01
-3.859152514e-01 -3.846960058e-01 -3.829658767e-01 -3.806797015e-01 -3.777994867e-01 -3.742958549e-01 -3.701485246e-01 -3.653473556e-01
-3.598924018e-01 -3.537930809e-01 -3.470673189e-01 -3.397404067e-01 -3.318438567e-01 -3.234143406e-01 -3.144928291e-01 -3.051240146e-01
-2.953560352e-01 -2.852405533e-01 -2.748330906e-01 -2.641936541e-01 -3.833747553e-01 -3.840378737e-01 -3.845129516e-01 -3.847730225e-01
-3.847880922e-01 -3.845245028e-01 -3.839449352e-01 -3.830090305e-01 -3.816746157e-01 -3.798992839e-01 -3.776421556e-01 -3.748656511e-01
-3.715370819e-01 -3.676298503e-01 -3.631242458e-01 -3.580080457e-01 -3.522766754e-01 -3.459329531e-01 -3.389866389e-01 -3.314538337e-01
-3.233564124e-01 -3.147215918e-01 -3.055817112e-01 -2.959744185e-01 -2.859433070e-01 -2.755391151e-01 -2.648216635e-01 -2.538625151e-01
-3.836924527e-01 -3.839578349e-01 -3.839856042e-01 -3.837606348e-01 -3.832633905e-01 -3.824698562e-01 -3.813519059e-01 -3.798780851e-01
-3.780147238e-01 -3.757272623e-01 -3.729816694e-01 -3.697458450e-01 -3.659908623e-01 -3.616919965e-01 -3.568294719e-01 -3.513889611e-01
-3.453618437e-01 -3.387451768e-01 -3.315415345e-01 -3.237587884e-01 -3.154099211e-01 -3.065130487e-01 -2.970916927e-01 -2.871756181e-01
-2.768021971e-01 -2.660186738e-01 -2.548853457e-01 -2.434800118e-01 -3.843554761e-01 -3.842284204e-01 -3.838198557e-01 -3.831271026e-01
-3.821410248e-01 -3.808465498e-01 -3.792235097e-01 -3.772476800e-01 -3.748919591e-01 -3.721276168e-01 -3.689255416e-01 -3.652574122e-01
-3.610967472e-01 -3.564197645e-01 -3.512060530e-01 -3.454390243e-01 -3.391061649e-01 -3.321991526e-01 -3.247138336e-01 -3.166502118e-01
-3.080124706e-01 -2.988092527e-01 -2.890542597e-01 -2.787674293e-01 -2.679768503e-01 -2.567218095e-01 -2.450571209e-01 -2.330591232e-01
-3.854322764e-01 -3.848944949e-01 -3.840414668e-01 -3.828826007e-01 -3.814181080e-01 -3.796404190e-01 -3.775356393e-01 -3.750849534e-01
-3.722659703e-01 -3.690539803e-01 -3.654231187e-01 -3.613474071e-01 -3.568016589e-01 -3.517621942e-01 -3.462074213e-01 -3.401182219e-01
-3.334781826e-01 -3.262737170e-01 -3.184940964e-01 -3.101314530e-01 -3.011809066e-01 -2.916408405e-01 -2.815135494e-01 -2.708064690e-01
-2.595342696e-01 -2.477222532e-01 -2.354114652e-01 -2.226663977e-01 -3.869767361e-01 -3.859856236e-01 -3.846618654e-01 -3.830248863e-01
-3.810817599e-01 -3.788299849e-01 -3.762596678e-01 -3.733553030e-01 -3.700972907e-01 -3.664632197e-01 -3.624289706e-01 -3.579696417e-01
-3.530603312e-01 -3.476767279e-01 -3.417955786e-01 -3.353949785e-01 -3.284545317e-01 -3.209554330e-01 -3.128803894e-01 -3.042136282e-01
-2.949408293e-01 -2.850492671e-01 -2.745281458e-01 -2.633695155e-01 -2.515699416e-01 -2.391334623e-01 -2.260768563e-01 -2.124381363e-01
-3.890170706e-01 -3.875061586e-01 -3.856709916e-01 -3.835344100e-01 -3.811057499e-01 -3.783840314e-01 -3.753604889e-01 -3.720205594e-01
-3.683454487e-01 -3.643133827e-01 -3.599006161e-01 -3.550822325e-01 -3.498327583e-01 -3.441266529e-01 -3.379386142e-01 -3.312437683e-01
-3.240177259e-01 -3.162365258e-01 -3.078764752e-01 -2.989139408e-01 -2.893250510e-01 -2.790854499e-01 -2.681700885e-01 -2.565532774e-01
-2.442092001e-01 -2.311134636e-01 -2.172465622e-01 -2.026004344e-01 -3.915233061e-01 -3.894206965e-01 -3.870296464e-01 -3.843698921e-01
-3.814478042e-01 -3.782598423e-01 -3.747952022e-01 -3.710377924e-01 -3.669676930e-01 -3.625622503e-01 -3.577969037e-01 -3.526457995e-01
-3.470822498e-01 -3.410790339e-01 -3.346085735e-01 -3.276429698e-01 -3.201539591e-01 -3.121126816e-01 -3.034893796e-01 -2.942529619e-01
-2.843704000e-01 -2.738059759e-01 -2.625203282e-01 -2.504692674e-01 -2.376023829e-01 -2.238619477e-01 -2.091827989e-01 -1.934946477e-01
-3.944106053e-01 -3.916515106e-01 -3.886668757e-01 -3.854666883e-01 -3.820487810e-01 -3.784028227e-01 -3.745128661e-01 -3.703590073e-01
-3.659185171e-01 -3.611666150e-01 -3.560770042e-01 -3.506222442e-01 -3.447739892e-01 -3.385031037e-01 -3.317796811e-01 -3.245729432e-01
-3.168510124e-01 -3.085806221e-01 -2.997265756e-01 -2.902511507e-01 -2.801132053e-01 -2.692670077e-01 -2.576604933e-01 -2.452328354e-01
-2.319106013e-01 -2.176026702e-01 -2.021946907e-01 -1.855484247e-01 -3.975434471e-01 -3.940793450e-01 -3.904809295e-01 -3.867382142e-01
-3.828342492e-01 -3.787479550e-01 -3.744556531e-01 -3.699319065e-01 -3.651500065e-01 -3.600822389e-01 -3.547000289e-01 -3.489740156e-01
-3.428740278e-01 -3.363690190e-01 -3.294269070e-01 -3.220143244e-01 -3.140963018e-01 -3.056357875e-01 -2.965930924e-01 -2.869250551e-01
-2.765840739e-01 -2.655167282e-01 -2.536617815e-01 -2.409468740e-01 -2.272827774e-01 -2.125523835e-01 -1.965928078e-01 -1.791928262e-01
-4.007158154e-01 -3.965423850e-01 -3.923433644e-01 -3.880808810e-01 -3.837189134e-01 -3.792233411e-01 -3.745615073e-01 -3.697017562e-01
-3.646130189e-01 -3.592644520e-01 -3.536251485e-01 -3.476638570e-01 -3.413487226e-01 -3.346470147e-01 -3.275248259e-01 -3.199467063e-01
-3.118752092e-01 -3.032703772e-01 -2.940890417e-01 -2.842840403e-01 -2.738031968e-01 -2.625881732e-01 -2.505730093e-01 -2.376820147e-01
-2.238255590e-01 -2.088854760e-01 -1.926467866e-01 -1.747157574e-01 -4.036766700e-01 -3.988536838e-01 -3.941126466e-01 -3.893845137e-01
-3.846143512e-01 -3.797558220e-01 -3.747681305e-01 -3.696141206e-01 -3.642589711e-01 -3.586692363e-01 -3.528121151e-01 -3.466548882e-01
-3.401644453e-01 -3.333068378e-01 -3.260468617e-01 -3.183476031e-01 -3.101699278e-01 -3.014718741e-01 -2.922079563e-01 -2.823283151e-01
-2.717778310e-01 -2.604952008e-01 -2.484125644e-01 -2.354569435e-01 -2.215586901e-01 -2.066836059e-01 -1.900694221e-01 -1.721201241e-01
-4.061533893e-01 -4.008306772e-01 -3.956561782e-01 -3.905473833e-01 -3.854391663e-01 -3.802778805e-01 -3.750176784e-01 -3.696180321e-01
-3.640419301e-01 -3.582544923e-01 -3.522219509e-01 -3.459108733e-01 -3.392875418e-01 -3.323174417e-01 -3.249647468e-01 -3.171918094e-01
-3.089586347e-01 -3.002222627e-01 -2.909359932e-01 -2.810485587e-01 -2.705030665e-01 -2.592357546e-01 -2.471745312e-01 -2.342371643e-01
-2.203278989e-01 -2.053196132e-01 -1.889941692e-01 -1.713548303e-01 -4.080023021e-01 -4.023563853e-01 -3.968797140e-01 -3.914925497e-01
-3.861290412e-01 -3.807341950e-01 -3.752611354e-01 -3.696688935e-01 -3.639204837e-01 -3.579812422e-01 -3.518176489e-01 -3.453965187e-01
-3.386843689e-01 -3.316468447e-01 -3.242482394e-01 -3.164509609e-01 -3.082150295e-01 -2.994974926e-01 -2.902516499e-01 -2.804262191e-01
-2.699642405e-01 -2.588015050e-01 -2.468640804e-01 -2.340651453e-01 -2.203081399e-01 -2.054718286e-01 -1.895113587e-01 -1.723482013e-01
-4.092006050e-01 -4.033862539e-01 -3.977360982e-01 -3.921752733e-01 -3.866424360e-01 -3.810858419e-01 -3.754612599e-01 -3.697303962e-01
-3.638589513e-01 -3.578143306e-01 -3.515645526e-01 -3.450776860e-01 -3.383213170e-01 -3.312620446e-01 -3.238650039e-01 -3.160933927e-01
-3.079080954e-01 -2.992671952e-01 -2.901252061e-01 -2.804322764e-01 -2.701335549e-01 -2.591677755e-01 -2.474635690e-01 -2.349247187e-01
-2.214739174e-01 -2.069753557e-01 -1.914701909e-01 -1.748111695e-01 -4.097460546e-01 -4.039198896e-01 -3.982179938e-01 -3.925820026e-01
-3.869615477e-01 -3.813117342e-01 -3.755937163e-01 -3.697750103e-01 -3.638275452e-01 -3.577225059e-01 -3.514303938e-01 -3.449213207e-01
-3.381647579e-01 -3.311289623e-01 -3.237805665e-01 -3.160841614e-01 -3.080021441e-01 -2.994947135e-01 -2.905186415e-01 -2.810264826e-01
-2.709673047e-01 -2.602880597e-01 -2.489384711e-01 -2.367542982e-01 -2.236594707e-01 -2.096674740e-01 -1.946903765e-01 -1.786228120e-01
-4.097255282e-01 -4.040169446e-01 -3.983593867e-01 -3.927295717e-01 -3.870924148e-01 -3.814095827e-01 -3.756476399e-01 -3.697830494e-01
-3.638013285e-01 -3.576775230e-01 -3.513842970e-01 -3.448942080e-01 -3.381794393e-01 -3.312105574e-01 -3.239562511e-01 -3.163827658e-01
-3.084539622e-01 -3.001339361e-01 -2.913827375e-01 -2.821542323e-01 -2.723994628e-01 -2.620659918e-01 -2.510566562e-01 -2.393069118e-01
-2.267803550e-01 -2.134008408e-01 -1.990844309e-01 -1.837277114e-01 
